id,rate
9665957,1.0
9665958,1.65
9665959,1.53
9665960,1.85
9665961,2.38
9665962,2.26
9665963,1.49
9665964,3.51
9665965,12.05
9665966,2.1
9665967,1.89
9665968,3.32
9665969,1.53
9665970,1.45
9665971,4.95
9665972,10.42
9665973,1.83
9665974,1.55
9665975,1.53
9665976,2.16
9665977,10.7
9665978,1.58
9665979,2.7
9665980,4.26
9665981,5.25
9665982,2.65
9665983,7.88
9665984,1.77
9665985,1.35
9665986,1.1
9665987,3.06
9665988,1.71
9665989,1.69
9665990,70.71
9665991,1.35
9665992,1.66
9665993,5.55
9665994,1.06
9665995,19.02
9665996,1.13
9665997,51.13
9665998,4.27
9665999,1.31
9666000,1.59
9666001,2.09
9666002,1.0
9666003,3.48
9666004,2.16
9666005,1.33
9666006,86.89
9666007,2.92
9666008,19.17
9666009,3.17
9666010,2.01
9666011,1.16
9666012,4.92
9666013,1.29
9666014,2.53
9666015,197.37
9666016,1.38
9666017,1.71
9666018,2.49
9666019,4.39
9666020,15.34
9666021,1.61
9666022,2.25
9666023,1.64
9666024,28.67
9666025,1.23
9666026,2.62
9666027,1.06
9666028,5.8
9666029,1.0
9666030,2.15
9666031,5.97
9666032,2.3
9666033,2.23
9666034,1.17
9666035,1.38
9666036,2.21
9666037,3.08
9666038,2.85
9666039,1.49
9666040,3.33
9666041,17.35
9666042,1.95
9666043,4.36
9666044,1.82
9666045,1.59
9666046,1.71
9666047,3.65
9666048,1.38
9666049,4.13
9666050,1.17
9666051,1.53
9666052,2.07
9666053,1.47
9666054,1.15
9666055,1.54
9666056,6.63
9666057,2.81
9666058,1.28
9666059,6.36
9666060,1.01
9666061,56.82
9666062,1.33
9666063,22.89
9666064,3.06
9666065,1.49
9666066,7.37
9666067,2.46
9666068,1.88
9666069,33.92
9666070,4.83
9666071,1.47
9666072,1.07
9666073,1.2
9666074,1.64
9666075,4.05
9666076,1.52
9666077,2.81
9666078,1.55
9666079,2.47
9666080,1.11
9666081,1.01
9666082,1.62
9666083,2.48
9666084,1.47
9666085,1.68
9666086,3.29
9666087,2.57
9666088,2.71
9666089,60.7
9666090,1.11
9666091,1.65
9666092,1.11
9666093,4.13
9666094,1.18
9666095,1.92
9666096,39.9
9666097,6.85
9666098,1.02
9666099,1.38
9666100,1.2
9666101,1.64
9666102,1.3
9666103,2.92
9666104,1.21
9666105,9.07
9666106,1.16
9666107,2.1
9666108,1.06
9666109,1.13
9666110,3.17
9666111,1.57
9666112,2.07
9666113,7.51
9666114,1.57
9666115,1.38
9666116,1.21
9666117,4.88
9666118,1.81
9666119,3.54
9666120,1.59
9666121,1.01
9666122,1.57
9666123,15.86
9666124,3.56
9666125,1.62
9666126,1.42
9666127,1.55
9666128,3.52
9666129,6.36
9666130,2.06
9666131,1.01
9666132,1.52
9666133,1.41
9666134,2.47
9666135,6.46
9666136,13.41
9666137,2.03
9666138,4.25
9666139,1.93
9666140,2.82
9666141,1.26
9666142,1.94
9666143,11.52
9666144,24.59
9666145,2.6
9666146,1.45
9666147,1.59
9666148,1.76
9666149,5.79
9666150,2.69
9666151,8.54
9666152,4.44
9666153,2.93
9666154,2.97
9666155,2.48
9666156,1.45
9666157,1.18
9666158,1.65
9666159,5.5
9666160,1.02
9666161,1.01
9666162,3.14
9666163,7.81
9666164,1.25
9666165,1.54
9666166,1.13
9666167,1.52
9666168,2.88
9666169,1058.05
9666170,21.84
9666171,3.7
9666172,7.72
9666173,4.84
9666174,1.3
9666175,29.75
9666176,1.27
9666177,3.69
9666178,2.23
9666179,1.15
9666180,1.22
9666181,3.14
9666182,8.3
9666183,1.14
9666184,17.84
9666185,1.36
9666186,1.23
9666187,5.83
9666188,1.18
9666189,418.67
9666190,4.22
9666191,1.23
9666192,1.41
9666193,1.03
9666194,4.33
9666195,1.04
9666196,1.02
9666197,1.35
9666198,6.47
9666199,2.86
9666200,1.42
9666201,1.59
9666202,1.03
9666203,2.21
9666204,4.07
9666205,1.24
9666206,7.58
9666207,1.15
9666208,9.57
9666209,1.74
9666210,1.71
9666211,1.02
9666212,2.02
9666213,2.52
9666214,2.49
9666215,1.71
9666216,2.92
9666217,1.75
9666218,2.26
9666219,1.41
9666220,1.15
9666221,3.44
9666222,1.55
9666223,1.02
9666224,26.86
9666225,2.64
9666226,2.86
9666227,1.09
9666228,2.14
9666229,1.29
9666230,1.23
9666231,2.51
9666232,71.2
9666233,1.11
9666234,2.42
9666235,1.54
9666236,19.5
9666237,2.97
9666238,1.23
9666239,4.1
9666240,1.36
9666241,7.99
9666242,1.26
9666243,44.99
9666244,2.38
9666245,1.07
9666246,2.26
9666247,40.65
9666248,1.59
9666249,11.49
9666250,7.06
9666251,3.18
9666252,11.55
9666253,1.37
9666254,1.1
9666255,3.1
9666256,1.03
9666257,1.81
9666258,2.01
9666259,1.83
9666260,1.51
9666261,5.33
9666262,1.08
9666263,4.55
9666264,2.68
9666265,2.29
9666266,3.49
9666267,1.27
9666268,2.64
9666269,3.95
9666270,2.04
9666271,1.39
9666272,3.46
9666273,2.39
9666274,1.59
9666275,4.9
9666276,2.0
9666277,3.2
9666278,28.99
9666279,1.4
9666280,1.07
9666281,4.79
9666282,33.25
9666283,5.17
9666284,1.06
9666285,37.28
9666286,1.15
9666287,1.49
9666288,1.14
9666289,4.58
9666290,1.3
9666291,2.01
9666292,5.36
9666293,1.71
9666294,2.0
9666295,4.62
9666296,1.32
9666297,18.73
9666298,3.86
9666299,1.95
9666300,1.09
9666301,2.19
9666302,1.54
9666303,1.89
9666304,1.56
9666305,1.81
9666306,4.24
9666307,1.49
9666308,1.01
9666309,1.22
9666310,1.41
9666311,2.31
9666312,2.73
9666313,3.24
9666314,1.02
9666315,1.08
9666316,1.68
9666317,2.43
9666318,3.12
9666319,7.96
9666320,2.45
9666321,1.15
9666322,180.69
9666323,1.14
9666324,1.29
9666325,1.22
9666326,1.26
9666327,1.95
9666328,10.77
9666329,1.98
9666330,2.21
9666331,5.05
9666332,1.19
9666333,1.77
9666334,1.29
9666335,2.5
9666336,11.22
9666337,1.76
9666338,1.04
9666339,1.15
9666340,2.07
9666341,1.68
9666342,2.17
9666343,2.76
9666344,6.86
9666345,1.17
9666346,1.63
9666347,12.93
9666348,2.9
9666349,2.23
9666350,1.26
9666351,1.1
9666352,1.09
9666353,1.56
9666354,1.11
9666355,23.37
9666356,2.01
9666357,1.01
9666358,20.45
9666359,1.08
9666360,7.28
9666361,4.4
9666362,1.71
9666363,1.24
9666364,4.72
9666365,8.03
9666366,19.24
9666367,5.21
9666368,1.68
9666369,23.5
9666370,1.45
9666371,1.84
9666372,1.62
9666373,1.42
9666374,1.18
9666375,2.27
9666376,1.07
9666377,2.5
9666378,3.91
9666379,2.36
9666380,1.56
9666381,1.29
9666382,2.6
9666383,1.51
9666384,2.15
9666385,1.06
9666386,2.45
9666387,5.7
9666388,1.03
9666389,1.24
9666390,3.21
9666391,831.03
9666392,2.75
9666393,2.88
9666394,1.05
9666395,2.14
9666396,2.09
9666397,1.95
9666398,2.07
9666399,3.18
9666400,6.68
9666401,18.61
9666402,5.73
9666403,5.62
9666404,1.61
9666405,1.08
9666406,2.32
9666407,13.77
9666408,1.75
9666409,8.56
9666410,1.93
9666411,1.0
9666412,1.28
9666413,6.02
9666414,2.22
9666415,1.13
9666416,1.12
9666417,2.63
9666418,2.37
9666419,1.05
9666420,7.56
9666421,90.41
9666422,3.97
9666423,1.31
9666424,2.57
9666425,6.28
9666426,2.1
9666427,7.46
9666428,1.02
9666429,1.02
9666430,1.07
9666431,6.74
9666432,2.76
9666433,1.43
9666434,8.18
9666435,2.2
9666436,1.38
9666437,1.04
9666438,16.92
9666439,1.01
9666440,2.64
9666441,1.69
9666442,1.63
9666443,2.02
9666444,1.37
9666445,1.73
9666446,8.06
9666447,1.36
9666448,2.69
9666449,1.32
9666450,96.9
9666451,1.01
9666452,4.35
9666453,2.05
9666454,1.13
9666455,1.17
9666456,1.22
9666457,12.99
9666458,3.92
9666459,3.29
9666460,4.32
9666461,3.53
9666462,14.63
9666463,1.01
9666464,2.58
9666465,2.02
9666466,3.74
9666467,1.54
9666468,3.1
9666469,30.71
9666470,1.02
9666471,52.1
9666472,1.63
9666473,2.35
9666474,2.98
9666475,1.01
9666476,5.65
9666477,10.56
9666478,2.17
9666479,1.35
9666480,2.41
9666481,2.35
9666482,11.51
9666483,3.45
9666484,1.55
9666485,2.07
9666486,1.21
9666487,1.43
9666488,1.75
9666489,1.0
9666490,1.57
9666491,8.68
9666492,1.35
9666493,10.27
9666494,6.58
9666495,1.53
9666496,3.03
9666497,2.31
9666498,4.38
9666499,1.75
9666500,1.1
9666501,2.34
9666502,1.75
9666503,2.82
9666504,7.49
9666505,1.46
9666506,2.17
9666507,1.32
9666508,3.39
9666509,4.34
9666510,1.21
9666511,1.47
9666512,3.13
9666513,1.23
9666514,281.55
9666515,2.23
9666516,1.17
9666517,1.57
9666518,1.38
9666519,133.65
9666520,1.49
9666521,1.95
9666522,1.87
9666523,2.67
9666524,1.5
9666525,1.18
9666526,2.74
9666527,1.2
9666528,32.65
9666529,2.32
9666530,1.06
9666531,9.06
9666532,1.03
9666533,4.14
9666534,4.74
9666535,1.26
9666536,1.04
9666537,2.03
9666538,2.78
9666539,1.53
9666540,1.44
9666541,1.36
9666542,1.9
9666543,2.36
9666544,1.25
9666545,1.38
9666546,1.25
9666547,1.1
9666548,1.04
9666549,1.36
9666550,1.71
9666551,1.61
9666552,1.67
9666553,9.22
9666554,3.49
9666555,1.3
9666556,1.12
9666557,5.18
9666558,14.68
9666559,5.44
9666560,1.25
9666561,4.22
9666562,1.76
9666563,16.75
9666564,1.0
9666565,1.04
9666566,1.55
9666567,3.19
9666568,1.84
9666569,1.24
9666570,1.49
9666571,3.21
9666572,7.55
9666573,4.02
9666574,3.28
9666575,1.17
9666576,1.48
9666577,3.92
9666578,2.62
9666579,1.67
9666580,3.8
9666581,1.06
9666582,2.24
9666583,2.59
9666584,2.36
9666585,1.21
9666586,3.05
9666587,4.8
9666588,1.48
9666589,1.82
9666590,1.7
9666591,1.64
9666592,2.8
9666593,2.18
9666594,5.56
9666595,1.75
9666596,11.74
9666597,2.85
9666598,1.0
9666599,2.38
9666600,1.67
9666601,1.42
9666602,1.24
9666603,1.04
9666604,4.52
9666605,10.83
9666606,3.16
9666607,3.17
9666608,1.04
9666609,4.71
9666610,1.5
9666611,2.4
9666612,6.84
9666613,7.12
9666614,3.84
9666615,2.57
9666616,5.37
9666617,43.22
9666618,1.81
9666619,4.64
9666620,3.19
9666621,3.68
9666622,10.71
9666623,5.01
9666624,1.31
9666625,1.33
9666626,1.05
9666627,1.26
9666628,1.67
9666629,2.7
9666630,1.92
9666631,4.94
9666632,1.47
9666633,1.16
9666634,1.08
9666635,2.22
9666636,1.28
9666637,1.44
9666638,1.44
9666639,3.59
9666640,1.02
9666641,40.84
9666642,1.45
9666643,16.41
9666644,1.29
9666645,3.92
9666646,2.8
9666647,1.3
9666648,8.34
9666649,37.01
9666650,1.69
9666651,2.04
9666652,6.81
9666653,1.86
9666654,6.13
9666655,1.77
9666656,9.65
9666657,1.43
9666658,25.2
9666659,1.29
9666660,3.16
9666661,1.41
9666662,1.37
9666663,11.94
9666664,2.92
9666665,5.87
9666666,1.36
9666667,2.14
9666668,4.0
9666669,49.32
9666670,1.23
9666671,1.39
9666672,3.29
9666673,1.92
9666674,8.95
9666675,4.5
9666676,2.5
9666677,5.01
9666678,7.96
9666679,1.23
9666680,1.57
9666681,1.0
9666682,4.05
9666683,7.73
9666684,1250.42
9666685,25.99
9666686,6.17
9666687,2.76
9666688,6.39
9666689,1.05
9666690,1.51
9666691,1.17
9666692,4.33
9666693,5.27
9666694,9.48
9666695,1.25
9666696,1.11
9666697,1.21
9666698,3.87
9666699,2.97
9666700,2.38
9666701,1.86
9666702,1.27
9666703,1.67
9666704,6.78
9666705,5.11
9666706,3.15
9666707,1.56
9666708,1.09
9666709,1.19
9666710,1.05
9666711,3.0
9666712,1.02
9666713,14.54
9666714,2.85
9666715,1.12
9666716,1.53
9666717,1.79
9666718,1.0
9666719,1.48
9666720,3.56
9666721,1.03
9666722,4.55
9666723,1.58
9666724,6.38
9666725,3.13
9666726,2.26
9666727,1.1
9666728,12.99
9666729,3.12
9666730,1.0
9666731,1.86
9666732,6.57
9666733,1.03
9666734,1.19
9666735,2.12
9666736,5.07
9666737,10.64
9666738,1.29
9666739,2.69
9666740,8.39
9666741,7.88
9666742,16.97
9666743,1.61
9666744,1.23
9666745,1.53
9666746,1.53
9666747,1.35
9666748,1.28
9666749,1.47
9666750,3.27
9666751,1.63
9666752,1.52
9666753,12.57
9666754,7.4
9666755,1.0
9666756,1.29
9666757,2.9
9666758,2.0
9666759,3.24
9666760,1.65
9666761,3.81
9666762,1.58
9666763,1.08
9666764,1.13
9666765,1.37
9666766,1.86
9666767,1.38
9666768,2.02
9666769,4.77
9666770,2.41
9666771,1.53
9666772,1.44
9666773,3.27
9666774,4.53
9666775,15.6
9666776,2.57
9666777,1.77
9666778,7.87
9666779,1.17
9666780,3.58
9666781,1.19
9666782,5.87
9666783,3.83
9666784,1.48
9666785,1.29
9666786,2.58
9666787,1.83
9666788,1.56
9666789,6.43
9666790,1.12
9666791,111.68
9666792,3.0
9666793,3.85
9666794,4.11
9666795,13.78
9666796,2.79
9666797,2.75
9666798,2.12
9666799,1.01
9666800,27.68
9666801,1.46
9666802,3.03
9666803,128.51
9666804,3.4
9666805,1.29
9666806,2.01
9666807,2.01
9666808,1.15
9666809,1.08
9666810,3.06
9666811,2.99
9666812,14.58
9666813,14.07
9666814,2.24
9666815,1.25
9666816,1.06
9666817,1.01
9666818,37.35
9666819,15.72
9666820,1.31
9666821,4.95
9666822,7.09
9666823,2.93
9666824,6.29
9666825,2.97
9666826,53.06
9666827,1.73
9666828,165.77
9666829,1.66
9666830,9.97
9666831,1.1
9666832,5.22
9666833,1.8
9666834,1.0
9666835,2.14
9666836,1.95
9666837,3.97
9666838,1.89
9666839,1.11
9666840,1.4
9666841,1.09
9666842,1.68
9666843,1.59
9666844,1.25
9666845,3.8
9666846,1.11
9666847,1.04
9666848,1.03
9666849,1.93
9666850,3.2
9666851,1.36
9666852,57.74
9666853,10.33
9666854,1.09
9666855,2.22
9666856,1.1
9666857,2.48
9666858,1.4
9666859,4.08
9666860,1.16
9666861,74.99
9666862,1.42
9666863,1.71
9666864,18.88
9666865,7.07
9666866,1.75
9666867,1.88
9666868,2.31
9666869,1.16
9666870,1.41
9666871,1.93
9666872,2.25
9666873,4.29
9666874,2.89
9666875,4.03
9666876,1.04
9666877,1.43
9666878,2.98
9666879,8.32
9666880,1.53
9666881,4.09
9666882,1.64
9666883,1.28
9666884,1.89
9666885,1.08
9666886,2.51
9666887,2.76
9666888,1.46
9666889,1.52
9666890,1.71
9666891,1.26
9666892,1.25
9666893,2.21
9666894,9.2
9666895,3.9
9666896,9.78
9666897,1.96
9666898,328.58
9666899,1.56
9666900,1.19
9666901,33.74
9666902,1.11
9666903,1.86
9666904,1.04
9666905,1.96
9666906,2.19
9666907,1.04
9666908,3.44
9666909,1.85
9666910,3.62
9666911,6.57
9666912,3.53
9666913,2.25
9666914,72.61
9666915,1.07
9666916,1.28
9666917,14.82
9666918,1.52
9666919,3.03
9666920,2.2
9666921,1.84
9666922,1.33
9666923,1.25
9666924,1.22
9666925,1.5
9666926,2.32
9666927,9.15
9666928,1.67
9666929,1.27
9666930,2.42
9666931,1.09
9666932,4.63
9666933,1.6
9666934,1.29
9666935,1.49
9666936,10.57
9666937,12.22
9666938,1.08
9666939,63.0
9666940,1.22
9666941,13.56
9666942,3.29
9666943,36.32
9666944,1.11
9666945,1.09
9666946,1.44
9666947,1.51
9666948,2.17
9666949,4.5
9666950,1.28
9666951,3.11
9666952,1.0
9666953,1.41
9666954,4.76
9666955,3.78
9666956,1.29
9666957,1.05
9666958,1.35
9666959,1.03
9666960,1.19
9666961,1.53
9666962,5.31
9666963,2.43
9666964,6.95
9666965,1.11
9666966,7.78
9666967,5.16
9666968,402.81
9666969,1.91
9666970,1.48
9666971,1.48
9666972,1.03
9666973,2.74
9666974,5.14
9666975,3.16
9666976,1.21
9666977,1.43
9666978,1.14
9666979,1.95
9666980,2.59
9666981,2.99
9666982,1.16
9666983,1.93
9666984,2.32
9666985,8.26
9666986,3.65
9666987,11.17
9666988,3.1
9666989,2.95
9666990,11.87
9666991,1.51
9666992,2.27
9666993,4.26
9666994,1.37
9666995,1.67
9666996,2.69
9666997,1.08
9666998,1.95
9666999,1.09
9667000,12.16
9667001,2.01
9667002,55.05
9667003,1.37
9667004,1.21
9667005,10.75
9667006,3.61
9667007,1.07
9667008,1.57
9667009,1.48
9667010,1.15
9667011,3.07
9667012,3.12
9667013,137.62
9667014,1.29
9667015,1.11
9667016,2.11
9667017,1.0
9667018,3.21
9667019,2.32
9667020,3.33
9667021,12.9
9667022,1.37
9667023,1.71
9667024,1.71
9667025,2.0
9667026,2.87
9667027,2.17
9667028,2.71
9667029,1.44
9667030,74.02
9667031,1.31
9667032,1.66
9667033,2.04
9667034,3.24
9667035,2.0
9667036,3.89
9667037,2.34
9667038,5.26
9667039,7.41
9667040,1.07
9667041,1.42
9667042,2.97
9667043,3.12
9667044,1.26
9667045,2.61
9667046,28.19
9667047,1.4
9667048,1.52
9667049,1.78
9667050,4.29
9667051,8.88
9667052,2.65
9667053,1.14
9667054,1.33
9667055,3.34
9667056,50.35
9667057,6.07
9667058,8.79
9667059,7.23
9667060,1.5
9667061,2.08
9667062,5.39
9667063,25.14
9667064,8.92
9667065,1.29
9667066,3.11
9667067,1.12
9667068,1.17
9667069,1.84
9667070,14.72
9667071,2.35
9667072,18.39
9667073,3.62
9667074,1.14
9667075,3.45
9667076,5.31
9667077,1.89
9667078,1.09
9667079,2.0
9667080,5.98
9667081,22.57
9667082,13.12
9667083,1.87
9667084,1.19
9667085,1.13
9667086,1.22
9667087,11.48
9667088,3.86
9667089,3.31
9667090,1.98
9667091,1.62
9667092,1.01
9667093,1.29
9667094,1.6
9667095,4.24
9667096,1.02
9667097,1.9
9667098,8.46
9667099,1.65
9667100,1.04
9667101,1.63
9667102,1.09
9667103,1.32
9667104,2.06
9667105,1.46
9667106,1.09
9667107,61.63
9667108,2.61
9667109,1.18
9667110,3.72
9667111,2.38
9667112,4.95
9667113,1.3
9667114,2.45
9667115,2.89
9667116,7.42
9667117,4.17
9667118,2.51
9667119,1.21
9667120,1.82
9667121,1.85
9667122,1.32
9667123,1.03
9667124,14.57
9667125,1.8
9667126,7.9
9667127,1.05
9667128,4.22
9667129,1.56
9667130,1.07
9667131,2.09
9667132,2.7
9667133,2.23
9667134,2.3
9667135,2.98
9667136,1.0
9667137,2.53
9667138,6.6
9667139,1.18
9667140,1.86
9667141,6.01
9667142,1.95
9667143,4.15
9667144,11.84
9667145,1.18
9667146,1.28
9667147,1.77
9667148,1.37
9667149,14.85
9667150,84.98
9667151,2.37
9667152,1.61
9667153,3.19
9667154,1.64
9667155,1.17
9667156,5.23
9667157,1.19
9667158,1.44
9667159,1.26
9667160,1.77
9667161,1.23
9667162,3.11
9667163,1.0
9667164,8.62
9667165,1.19
9667166,2.45
9667167,1.03
9667168,2.08
9667169,2.91
9667170,4.55
9667171,5.04
9667172,1.48
9667173,1.3
9667174,2.56
9667175,1.17
9667176,2.17
9667177,4.37
9667178,2.36
9667179,1.29
9667180,1.21
9667181,1.01
9667182,1.65
9667183,3.8
9667184,1.61
9667185,3.11
9667186,1.54
9667187,1.27
9667188,188.92
9667189,5.07
9667190,4.33
9667191,4.12
9667192,1.34
9667193,9.65
9667194,1.64
9667195,54.39
9667196,2.52
9667197,1.0
9667198,2.07
9667199,2.39
9667200,1.47
9667201,23.19
9667202,2.8
9667203,59.99
9667204,1.6
9667205,11.13
9667206,4.82
9667207,1.5
9667208,1.24
9667209,1.15
9667210,1.56
9667211,1.46
9667212,1.34
9667213,9.38
9667214,6.83
9667215,1.24
9667216,1.05
9667217,1.8
9667218,6.53
9667219,1.6
9667220,7.26
9667221,3.05
9667222,1.03
9667223,10.25
9667224,1.09
9667225,1.95
9667226,1.53
9667227,3.0
9667228,1.16
9667229,2.19
9667230,1.37
9667231,1.03
9667232,1.32
9667233,3.03
9667234,1.66
9667235,2.09
9667236,1.18
9667237,1.7
9667238,1.16
9667239,1.15
9667240,4.48
9667241,3.9
9667242,2.92
9667243,2.89
9667244,8.86
9667245,1.45
9667246,1.08
9667247,16.75
9667248,1.21
9667249,2.12
9667250,3.1
9667251,1.39
9667252,1.12
9667253,1.37
9667254,1.0
9667255,10.62
9667256,13.08
9667257,1.82
9667258,1.43
9667259,280.77
9667260,5.99
9667261,2.8
9667262,3.81
9667263,2.04
9667264,2.51
9667265,1.4
9667266,1.22
9667267,1.24
9667268,1.56
9667269,1.99
9667270,2.59
9667271,1.06
9667272,9.36
9667273,1.44
9667274,4.06
9667275,2.35
9667276,1.2
9667277,1.83
9667278,1.37
9667279,1.9
9667280,4.33
9667281,2.39
9667282,3.09
9667283,6.78
9667284,1.03
9667285,13.73
9667286,36.19
9667287,1.15
9667288,1.59
9667289,1.47
9667290,3.98
9667291,1.05
9667292,1.42
9667293,1.4
9667294,6.09
9667295,1.16
9667296,1.27
9667297,3.44
9667298,1.57
9667299,1.2
9667300,3.84
9667301,34.47
9667302,1.6
9667303,3.71
9667304,1.18
9667305,2.41
9667306,30.81
9667307,1.45
9667308,6.83
9667309,2.11
9667310,2.29
9667311,2.2
9667312,1.45
9667313,3.57
9667314,5.75
9667315,1.68
9667316,1.28
9667317,1.47
9667318,1.6
9667319,1.79
9667320,1.46
9667321,12.89
9667322,1.73
9667323,1.66
9667324,254.21
9667325,5.8
9667326,1.41
9667327,1.0
9667328,2.1
9667329,6.96
9667330,1.16
9667331,2.15
9667332,3.3
9667333,3.78
9667334,1.1
9667335,1.06
9667336,1.0
9667337,2.29
9667338,3.33
9667339,3.8
9667340,21.05
9667341,1.03
9667342,61.35
9667343,9.56
9667344,2.24
9667345,1.22
9667346,1.07
9667347,2.25
9667348,1.49
9667349,3.75
9667350,54.0
9667351,1.49
9667352,1.39
9667353,1.49
9667354,1.09
9667355,1.22
9667356,2.38
9667357,1.81
9667358,79.58
9667359,2.72
9667360,2.25
9667361,1.73
9667362,1.43
9667363,36.9
9667364,17.84
9667365,1.26
9667366,4.41
9667367,1.1
9667368,21.17
9667369,1.02
9667370,1.91
9667371,5.14
9667372,11.56
9667373,1.48
9667374,1.12
9667375,2.95
9667376,3.42
9667377,2.83
9667378,2.12
9667379,2.39
9667380,1.15
9667381,1.64
9667382,12.27
9667383,2.25
9667384,1.86
9667385,1.57
9667386,1.46
9667387,56.71
9667388,1.03
9667389,20.59
9667390,3.46
9667391,2.07
9667392,2.1
9667393,18.86
9667394,2.33
9667395,1.53
9667396,1.2
9667397,2.84
9667398,2.34
9667399,2.13
9667400,1.26
9667401,1.57
9667402,2.55
9667403,1.13
9667404,2.45
9667405,13.58
9667406,2.75
9667407,1.72
9667408,38.95
9667409,2.46
9667410,3.68
9667411,1.24
9667412,5.86
9667413,1.29
9667414,1.17
9667415,4.38
9667416,1.11
9667417,2.48
9667418,3.97
9667419,1.13
9667420,1.03
9667421,12.9
9667422,2.94
9667423,1.43
9667424,3.85
9667425,1.88
9667426,1.4
9667427,1.03
9667428,1.03
9667429,1.19
9667430,2.14
9667431,79.01
9667432,14.64
9667433,4.7
9667434,1.09
9667435,28.79
9667436,7.31
9667437,1.1
9667438,1.38
9667439,4.61
9667440,1.29
9667441,1.75
9667442,5.87
9667443,4.56
9667444,7.31
9667445,1.36
9667446,8.56
9667447,2.45
9667448,10.91
9667449,1.21
9667450,2.0
9667451,11.85
9667452,1.2
9667453,1.53
9667454,3.12
9667455,1.72
9667456,3.39
9667457,2.11
9667458,1.62
9667459,13.61
9667460,19.09
9667461,1.15
9667462,1.35
9667463,1.05
9667464,1.54
9667465,238.3
9667466,3.03
9667467,1.21
9667468,1.22
9667469,8.4
9667470,1.9
9667471,2.13
9667472,2.78
9667473,1.13
9667474,1.1
9667475,1.27
9667476,3.6
9667477,3.25
9667478,3.83
9667479,1.43
9667480,7.59
9667481,2.97
9667482,4.96
9667483,1.25
9667484,7.33
9667485,3.25
9667486,1.09
9667487,1.08
9667488,5.05
9667489,1.5
9667490,1.23
9667491,1.1
9667492,1.4
9667493,3.4
9667494,1.49
9667495,1.11
9667496,5.07
9667497,1.28
9667498,2.24
9667499,6.75
9667500,1.39
9667501,1.14
9667502,6.22
9667503,1.71
9667504,50.37
9667505,2.22
9667506,1.75
9667507,1.28
9667508,1.98
9667509,3.51
9667510,1.8
9667511,4.53
9667512,1.22
9667513,5.0
9667514,1.0
9667515,1.03
9667516,1.26
9667517,1.83
9667518,5.72
9667519,53.98
9667520,2.38
9667521,9.22
9667522,11.13
9667523,3.88
9667524,2.62
9667525,3.12
9667526,23.31
9667527,1.11
9667528,3.03
9667529,2.79
9667530,2.68
9667531,1.69
9667532,1.08
9667533,2.96
9667534,1.23
9667535,1.42
9667536,1.92
9667537,371.51
9667538,1.05
9667539,8.19
9667540,5.25
9667541,43.31
9667542,4.68
9667543,1.02
9667544,1.15
9667545,4.54
9667546,1.95
9667547,1.75
9667548,1.09
9667549,40.58
9667550,1.5
9667551,1.82
9667552,3.96
9667553,1.59
9667554,1.16
9667555,2.98
9667556,1.15
9667557,3.59
9667558,6.64
9667559,2.85
9667560,1.37
9667561,1.37
9667562,25.15
9667563,2.12
9667564,1.85
9667565,1.17
9667566,1.42
9667567,1.66
9667568,3.87
9667569,2.97
9667570,7.51
9667571,17.94
9667572,1.42
9667573,11.84
9667574,1.3
9667575,5.26
9667576,1.89
9667577,1.13
9667578,1.76
9667579,1.22
9667580,1.02
9667581,1.18
9667582,1.72
9667583,3.31
9667584,3.2
9667585,2.1
9667586,1.09
9667587,1.87
9667588,5.84
9667589,1.85
9667590,2.12
9667591,1.1
9667592,1.1
9667593,1.47
9667594,1.53
9667595,1.32
9667596,2.52
9667597,1.34
9667598,4.74
9667599,1.38
9667600,1.25
9667601,1.14
9667602,1.05
9667603,1.0
9667604,5.52
9667605,3.57
9667606,25.16
9667607,1.63
9667608,4.36
9667609,1.18
9667610,5.25
9667611,2.13
9667612,3.68
9667613,6.14
9667614,2.49
9667615,3.21
9667616,1.0
9667617,2.56
9667618,1.63
9667619,5.85
9667620,140.89
9667621,2.93
9667622,1.04
9667623,1.94
9667624,3.41
9667625,2.34
9667626,7.87
9667627,6.21
9667628,3.28
9667629,35.29
9667630,3.74
9667631,7.69
9667632,1.49
9667633,2.33
9667634,2.3
9667635,25.2
9667636,1.46
9667637,1.06
9667638,13.19
9667639,1.11
9667640,1.34
9667641,2.13
9667642,1.4
9667643,1.89
9667644,1.3
9667645,2.14
9667646,5.46
9667647,1.55
9667648,23.28
9667649,11.92
9667650,1.48
9667651,1.45
9667652,1.02
9667653,1.39
9667654,1.04
9667655,1.13
9667656,1.14
9667657,1.6
9667658,6.67
9667659,6.32
9667660,1.2
9667661,4.05
9667662,1.47
9667663,2.17
9667664,2.54
9667665,6.35
9667666,3.59
9667667,1.34
9667668,1.04
9667669,1.36
9667670,338.5
9667671,1.0
9667672,1.37
9667673,1.0
9667674,1.22
9667675,1.02
9667676,1.35
9667677,2.78
9667678,2.19
9667679,1.73
9667680,1.24
9667681,1.57
9667682,2.61
9667683,2.27
9667684,8.86
9667685,10.73
9667686,55.55
9667687,2.55
9667688,1.87
9667689,2.02
9667690,1.23
9667691,6.11
9667692,1.05
9667693,1.1
9667694,1.28
9667695,2.46
9667696,1.4
9667697,5.92
9667698,23.13
9667699,1.29
9667700,3.35
9667701,5.37
9667702,1.9
9667703,2.1
9667704,1.05
9667705,2.64
9667706,2.1
9667707,1.33
9667708,3.8
9667709,1.72
9667710,4.08
9667711,4.22
9667712,1.34
9667713,318.41
9667714,1.31
9667715,1.96
9667716,1.7
9667717,1.18
9667718,6.37
9667719,8.48
9667720,2.98
9667721,1.54
9667722,1.19
9667723,1.11
9667724,2.3
9667725,1.95
9667726,1.15
9667727,1.85
9667728,1.2
9667729,2.85
9667730,2.35
9667731,1.0
9667732,2.7
9667733,13.58
9667734,1.63
9667735,1.05
9667736,2.7
9667737,1.45
9667738,2.47
9667739,5.77
9667740,5.4
9667741,3.08
9667742,1.02
9667743,15.81
9667744,1.31
9667745,1.16
9667746,3.07
9667747,13.18
9667748,1.07
9667749,8.23
9667750,2.41
9667751,15.43
9667752,3.02
9667753,1.04
9667754,1.4
9667755,1.06
9667756,4.5
9667757,1.0
9667758,1.07
9667759,1.16
9667760,3.24
9667761,2.68
9667762,9.9
9667763,1.19
9667764,2.23
9667765,2.32
9667766,1.44
9667767,16.18
9667768,1.17
9667769,1.26
9667770,2.48
9667771,17.45
9667772,8.71
9667773,1.17
9667774,1.08
9667775,2.12
9667776,1.65
9667777,1.08
9667778,1.56
9667779,1.34
9667780,12.44
9667781,17.27
9667782,2.64
9667783,3.06
9667784,10.43
9667785,1.43
9667786,2.01
9667787,1.51
9667788,2.11
9667789,1.19
9667790,1.77
9667791,1.81
9667792,1.39
9667793,180.8
9667794,2.88
9667795,3.08
9667796,1.34
9667797,1.23
9667798,1.41
9667799,1.94
9667800,1.22
9667801,2.51
9667802,2.48
9667803,1.81
9667804,1.9
9667805,3.07
9667806,1.52
9667807,4.56
9667808,1.32
9667809,1.44
9667810,1.32
9667811,1.04
9667812,1.05
9667813,3.45
9667814,1.25
9667815,9.09
9667816,1.62
9667817,3.71
9667818,1.25
9667819,1.98
9667820,1.17
9667821,2.45
9667822,9.89
9667823,1.27
9667824,14.44
9667825,2.3
9667826,2.54
9667827,1.54
9667828,1.68
9667829,6.44
9667830,4.82
9667831,4.23
9667832,1.68
9667833,4.2
9667834,2.77
9667835,1.43
9667836,24.97
9667837,1.6
9667838,1.26
9667839,3.21
9667840,10.32
9667841,1.14
9667842,1.14
9667843,4.18
9667844,1.0
9667845,1.25
9667846,1.4
9667847,1.25
9667848,4.22
9667849,1.0
9667850,14.84
9667851,1.11
9667852,1.03
9667853,1.43
9667854,1.96
9667855,1.96
9667856,6.44
9667857,1.01
9667858,12.31
9667859,2.16
9667860,9.42
9667861,1.22
9667862,2.33
9667863,1.82
9667864,1.32
9667865,9.42
9667866,1.22
9667867,1.1
9667868,1.58
9667869,1.03
9667870,2.33
9667871,1.17
9667872,10.73
9667873,1.27
9667874,1.26
9667875,2.43
9667876,2.61
9667877,4.46
9667878,1.49
9667879,6.0
9667880,1.77
9667881,3.42
9667882,1.19
9667883,1.2
9667884,1.36
9667885,2.28
9667886,3.46
9667887,1.81
9667888,1.24
9667889,2.19
9667890,2.02
9667891,1.03
9667892,2.76
9667893,2.55
9667894,1.27
9667895,1.68
9667896,1.17
9667897,2.36
9667898,28.36
9667899,2.78
9667900,1.59
9667901,1.18
9667902,1.42
9667903,2.32
9667904,3.15
9667905,1.08
9667906,2.4
9667907,3.32
9667908,1.88
9667909,2.88
9667910,1.79
9667911,1.14
9667912,7.15
9667913,1.06
9667914,1.08
9667915,24.53
9667916,11.58
9667917,1.0
9667918,1.85
9667919,2.91
9667920,1.15
9667921,1.52
9667922,2.38
9667923,1.48
9667924,2.98
9667925,10.32
9667926,1.55
9667927,4.73
9667928,8.67
9667929,2.77
9667930,3.04
9667931,2.53
9667932,9.7
9667933,1.58
9667934,1.13
9667935,1.5
9667936,5.41
9667937,3.13
9667938,2.86
9667939,4.6
9667940,1.17
9667941,13.02
9667942,1.25
9667943,1.21
9667944,11.69
9667945,4.45
9667946,1.69
9667947,1.34
9667948,1.15
9667949,3.82
9667950,164.92
9667951,1.45
9667952,1.12
9667953,1.11
9667954,3.26
9667955,7.29
9667956,1.13
9667957,1.92
9667958,4.02
9667959,1.94
9667960,8.33
9667961,2.47
9667962,3.06
9667963,1.31
9667964,1.99
9667965,2.0
9667966,1.45
9667967,10.82
9667968,8.01
9667969,1.38
9667970,1.7
9667971,1.19
9667972,1.15
9667973,1.79
9667974,4.15
9667975,26.42
9667976,5.27
9667977,4.14
9667978,1.98
9667979,1.64
9667980,2.57
9667981,1.24
9667982,10.46
9667983,1.56
9667984,1.16
9667985,2.25
9667986,3.88
9667987,2.05
9667988,1.08
9667989,1.08
9667990,1.66
9667991,1.27
9667992,1.31
9667993,10.54
9667994,3.34
9667995,17.59
9667996,14.52
9667997,13.76
9667998,1.12
9667999,7.34
9668000,7.16
9668001,2.91
9668002,5.47
9668003,2.44
9668004,1.09
9668005,3.0
9668006,12.37
9668007,1.63
9668008,16.12
9668009,1.26
9668010,1.85
9668011,3.74
9668012,3.64
9668013,1.05
9668014,1.44
9668015,1.0
9668016,34.84
9668017,1.42
9668018,3.09
9668019,3.2
9668020,1.73
9668021,1.87
9668022,2.63
9668023,1.08
9668024,1.11
9668025,1.18
9668026,1.1
9668027,1.7
9668028,2.48
9668029,1.99
9668030,6.28
9668031,20.38
9668032,1.14
9668033,2.18
9668034,1.65
9668035,3.64
9668036,3.3
9668037,5.97
9668038,4.04
9668039,1.0
9668040,1.94
9668041,2.09
9668042,18.39
9668043,8.31
9668044,2.25
9668045,1.23
9668046,4.47
9668047,1.78
9668048,1.18
9668049,1.19
9668050,1.61
9668051,2.02
9668052,2.42
9668053,1.64
9668054,1.25
9668055,1.21
9668056,1.41
9668057,15.17
9668058,1.39
9668059,1.82
9668060,1.37
9668061,13.8
9668062,5.81
9668063,1.45
9668064,1.29
9668065,15.45
9668066,4.23
9668067,1.07
9668068,1.64
9668069,1.81
9668070,2.38
9668071,1.62
9668072,1.67
9668073,41.13
9668074,1.45
9668075,2.81
9668076,2.09
9668077,1.04
9668078,1.86
9668079,51.93
9668080,2.13
9668081,6.4
9668082,2.05
9668083,2.27
9668084,2.1
9668085,1.79
9668086,1.09
9668087,1.44
9668088,6.0
9668089,3.06
9668090,2.72
9668091,55.97
9668092,4.58
9668093,1.61
9668094,2.09
9668095,1.23
9668096,18.4
9668097,1.21
9668098,1.35
9668099,2.18
9668100,1.66
9668101,1.3
9668102,1.06
9668103,1.03
9668104,1.04
9668105,1.67
9668106,1.55
9668107,5.12
9668108,1.45
9668109,1.28
9668110,18.29
9668111,16.62
9668112,2.39
9668113,4.56
9668114,1.01
9668115,1.14
9668116,1.17
9668117,6.58
9668118,23.28
9668119,2.0
9668120,1.05
9668121,1.24
9668122,1.28
9668123,1.72
9668124,6.2
9668125,1.07
9668126,1.89
9668127,1.01
9668128,2.87
9668129,6.65
9668130,1.44
9668131,1.21
9668132,2.98
9668133,2.08
9668134,1.05
9668135,2.53
9668136,1.11
9668137,1.95
9668138,1.52
9668139,1.24
9668140,1.04
9668141,1.71
9668142,1.67
9668143,2.67
9668144,3.17
9668145,1.99
9668146,1.47
9668147,39.17
9668148,4.87
9668149,1.29
9668150,1.93
9668151,2.35
9668152,1.36
9668153,6.73
9668154,16.94
9668155,1.8
9668156,17.26
9668157,3.84
9668158,1.17
9668159,1.11
9668160,2.0
9668161,3.04
9668162,3.66
9668163,1.04
9668164,1.25
9668165,1.84
9668166,1.31
9668167,2.62
9668168,1.96
9668169,18.29
9668170,1.76
9668171,3.29
9668172,1.2
9668173,1.01
9668174,62.8
9668175,3.22
9668176,2.84
9668177,3.92
9668178,1.86
9668179,109.65
9668180,1.55
9668181,1.0
9668182,1.28
9668183,5.44
9668184,1.23
9668185,1.0
9668186,1.92
9668187,2.44
9668188,1.29
9668189,1.91
9668190,1.05
9668191,6.06
9668192,1.44
9668193,2.72
9668194,4.81
9668195,4.07
9668196,4.17
9668197,4.86
9668198,1.04
9668199,1.27
9668200,2.46
9668201,1.19
9668202,1.11
9668203,1.51
9668204,1.27
9668205,309.79
9668206,1.05
9668207,4.11
9668208,2.77
9668209,1.08
9668210,1.39
9668211,1.93
9668212,1.36
9668213,6.26
9668214,1.42
9668215,1.06
9668216,2.37
9668217,2.46
9668218,96.67
9668219,1.15
9668220,1.51
9668221,1.52
9668222,2.15
9668223,1.44
9668224,2.56
9668225,16.5
9668226,2.0
9668227,1.55
9668228,1.4
9668229,1.39
9668230,1.14
9668231,3.29
9668232,3.29
9668233,1.91
9668234,5.78
9668235,4.02
9668236,1.0
9668237,2.24
9668238,1.29
9668239,1.3
9668240,1.55
9668241,8.77
9668242,1.14
9668243,1.19
9668244,2.68
9668245,1.46
9668246,1.49
9668247,1.0
9668248,13.76
9668249,48.29
9668250,6.17
9668251,4.52
9668252,9.44
9668253,1.46
9668254,1.31
9668255,1.28
9668256,3.98
9668257,1.37
9668258,1.28
9668259,1.83
9668260,1.01
9668261,3.05
9668262,14.22
9668263,1.42
9668264,1.06
9668265,1.15
9668266,1.95
9668267,1.99
9668268,1.69
9668269,1.68
9668270,1.17
9668271,20.89
9668272,1.07
9668273,1.92
9668274,2.57
9668275,2.87
9668276,1.78
9668277,1.41
9668278,4.28
9668279,4.34
9668280,10.54
9668281,1.19
9668282,2.6
9668283,1.41
9668284,1.22
9668285,13.3
9668286,1.78
9668287,2.12
9668288,2.05
9668289,1.76
9668290,1.64
9668291,4.36
9668292,1.27
9668293,44.81
9668294,1.45
9668295,4.82
9668296,3.73
9668297,1.06
9668298,2.64
9668299,1.13
9668300,2.1
9668301,66.78
9668302,12.93
9668303,3.14
9668304,1.42
9668305,8.48
9668306,4.04
9668307,2.57
9668308,3.64
9668309,15.98
9668310,1.75
9668311,1.24
9668312,5.1
9668313,6.23
9668314,1.74
9668315,1.6
9668316,1.27
9668317,2.32
9668318,2.9
9668319,1.01
9668320,3.72
9668321,1.09
9668322,2.11
9668323,2.51
9668324,16.64
9668325,13.69
9668326,7.85
9668327,2.02
9668328,1.87
9668329,1.71
9668330,3.02
9668331,1.45
9668332,4.57
9668333,33.72
9668334,9.96
9668335,7.62
9668336,1.93
9668337,2.28
9668338,14.06
9668339,1.01
9668340,10.81
9668341,1.14
9668342,2.82
9668343,2.99
9668344,102.07
9668345,5.59
9668346,11.15
9668347,3.27
9668348,4.4
9668349,1.14
9668350,1.56
9668351,1.07
9668352,1.92
9668353,1.95
9668354,1.52
9668355,1.1
9668356,1.35
9668357,17.64
9668358,3.02
9668359,1.32
9668360,3.46
9668361,9.64
9668362,1.29
9668363,1.58
9668364,2.1
9668365,1.01
9668366,2.9
9668367,3.86
9668368,8.92
9668369,2.49
9668370,3.04
9668371,11.11
9668372,1.11
9668373,439.14
9668374,1.55
9668375,1.4
9668376,3.97
9668377,3.49
9668378,1.87
9668379,23.03
9668380,4.97
9668381,1.13
9668382,3.37
9668383,1.36
9668384,1.28
9668385,4.06
9668386,2.6
9668387,7.38
9668388,3.58
9668389,3.38
9668390,8.51
9668391,5.43
9668392,1.0
9668393,6.71
9668394,1.14
9668395,1.0
9668396,1.67
9668397,1.72
9668398,1.34
9668399,8.34
9668400,1.43
9668401,1.11
9668402,1.05
9668403,1.08
9668404,1.66
9668405,2.11
9668406,4.29
9668407,3.19
9668408,1.02
9668409,51.22
9668410,1.15
9668411,1.2
9668412,10.01
9668413,1.28
9668414,1.81
9668415,1.13
9668416,1.35
9668417,3.75
9668418,1.32
9668419,3.87
9668420,1.03
9668421,1.5
9668422,2.25
9668423,3.09
9668424,4.31
9668425,1.11
9668426,3.99
9668427,1.2
9668428,1.09
9668429,1.2
9668430,1.9
9668431,3.17
9668432,1.04
9668433,1.09
9668434,2.95
9668435,1.29
9668436,9.62
9668437,5.47
9668438,2.93
9668439,8.24
9668440,1.08
9668441,1.05
9668442,2.81
9668443,10.12
9668444,3.26
9668445,17.35
9668446,16.25
9668447,6.65
9668448,10.64
9668449,1.37
9668450,2.92
9668451,1.0
9668452,1.03
9668453,1.84
9668454,2.22
9668455,2.26
9668456,1.88
9668457,6.46
9668458,3.53
9668459,2.45
9668460,2.7
9668461,3.05
9668462,4.45
9668463,3.88
9668464,1.31
9668465,1.02
9668466,1.41
9668467,3.18
9668468,1.15
9668469,3.69
9668470,2.87
9668471,5.21
9668472,1.0
9668473,1.51
9668474,1.73
9668475,3.12
9668476,37.33
9668477,3.04
9668478,1.1
9668479,5.09
9668480,1.21
9668481,1.33
9668482,1.92
9668483,4.19
9668484,1.62
9668485,1.33
9668486,6.21
9668487,1.0
9668488,1.55
9668489,3.03
9668490,3.38
9668491,2.36
9668492,24.43
9668493,1.4
9668494,3.68
9668495,1.35
9668496,3.17
9668497,2.51
9668498,17.03
9668499,6.06
9668500,1.26
9668501,152.22
9668502,1.9
9668503,4.44
9668504,1.06
9668505,7.48
9668506,3.1
9668507,1.2
9668508,2.02
9668509,3.5
9668510,1.24
9668511,1.96
9668512,1.13
9668513,3.28
9668514,7.34
9668515,3.54
9668516,1.29
9668517,1.09
9668518,3.37
9668519,1.73
9668520,2.72
9668521,1.43
9668522,1.28
9668523,2.01
9668524,5.64
9668525,2.26
9668526,6.72
9668527,10.14
9668528,1.06
9668529,4.97
9668530,1.19
9668531,1.65
9668532,1.41
9668533,7.93
9668534,1.24
9668535,3.97
9668536,3.1
9668537,8.83
9668538,2.65
9668539,3.3
9668540,39.56
9668541,1.67
9668542,2.41
9668543,20.23
9668544,1.59
9668545,2.51
9668546,2.05
9668547,1.9
9668548,1.25
9668549,2.0
9668550,1.49
9668551,11.73
9668552,1.22
9668553,1.26
9668554,1.65
9668555,2.1
9668556,6.25
9668557,1.34
9668558,16.01
9668559,1.4
9668560,1.11
9668561,1.42
9668562,1.25
9668563,354.54
9668564,2.36
9668565,11.12
9668566,1.66
9668567,1.12
9668568,4.31
9668569,5.64
9668570,1.43
9668571,1.77
9668572,1.84
9668573,1.74
9668574,2.74
9668575,1.39
9668576,2.03
9668577,2.1
9668578,1.66
9668579,4.16
9668580,1.05
9668581,1.65
9668582,1.32
9668583,1.9
9668584,1.75
9668585,2.23
9668586,1.39
9668587,4.56
9668588,7.56
9668589,17.71
9668590,1.12
9668591,1.48
9668592,3.89
9668593,27.9
9668594,1.07
9668595,1.52
9668596,1.52
9668597,1.18
9668598,1.36
9668599,1.29
9668600,1.85
9668601,5.85
9668602,1.11
9668603,1.0
9668604,1.0
9668605,1.07
9668606,1.04
9668607,1.01
9668608,1.07
9668609,41.95
9668610,10.19
9668611,2.02
9668612,2.41
9668613,1.23
9668614,16.01
9668615,1.72
9668616,1.0
9668617,1.02
9668618,3.07
9668619,2.72
9668620,4.18
9668621,2393.32
9668622,2.74
9668623,1.35
9668624,9.41
9668625,1.37
9668626,1.07
9668627,19.05
9668628,5.77
9668629,3.68
9668630,5.37
9668631,6.44
9668632,1.47
9668633,1.26
9668634,1.08
9668635,1.2
9668636,2.6
9668637,5.99
9668638,1.0
9668639,1.8
9668640,1.5
9668641,2.2
9668642,1.33
9668643,5.12
9668644,1.34
9668645,1.46
9668646,2.98
9668647,1.54
9668648,1.11
9668649,2.86
9668650,4.99
9668651,1.65
9668652,1.03
9668653,4.36
9668654,1.65
9668655,1.0
9668656,1.17
9668657,1.2
9668658,2.03
9668659,3.75
9668660,2.06
9668661,1.11
9668662,2.23
9668663,2.56
9668664,2.99
9668665,7.14
9668666,1.84
9668667,1.6
9668668,3.0
9668669,2.59
9668670,2.92
9668671,1.2
9668672,1.92
9668673,32.09
9668674,2.77
9668675,2.2
9668676,12.23
9668677,1.26
9668678,1.25
9668679,2.19
9668680,2.27
9668681,5.62
9668682,7.5
9668683,1.49
9668684,1.69
9668685,1.0
9668686,2.2
9668687,1.87
9668688,1.05
9668689,2.03
9668690,1.12
9668691,20.24
9668692,6.69
9668693,1.14
9668694,1.0
9668695,2.6
9668696,1.63
9668697,2.67
9668698,1.07
9668699,1.28
9668700,64.02
9668701,4.11
9668702,1.0
9668703,13.13
9668704,19.88
9668705,9.68
9668706,1.91
9668707,1.21
9668708,1.04
9668709,1.01
9668710,1.78
9668711,1.28
9668712,1.26
9668713,3.01
9668714,44.33
9668715,1.54
9668716,1.3
9668717,1.58
9668718,1.74
9668719,1.87
9668720,5.29
9668721,1.19
9668722,3.55
9668723,1.0
9668724,1.56
9668725,1.16
9668726,7.42
9668727,1.42
9668728,4.6
9668729,1.02
9668730,1.03
9668731,2.13
9668732,3.54
9668733,1.08
9668734,1.03
9668735,35.97
9668736,1.69
9668737,1.95
9668738,4.49
9668739,2.62
9668740,1.63
9668741,1.6
9668742,13.79
9668743,1.35
9668744,136.19
9668745,3.01
9668746,84.95
9668747,1.06
9668748,26.57
9668749,10.89
9668750,1.66
9668751,5.08
9668752,3.51
9668753,1.62
9668754,2.76
9668755,2.62
9668756,1.33
9668757,2.52
9668758,3.64
9668759,1.04
9668760,2.39
9668761,2.0
9668762,7.62
9668763,1.02
9668764,1.07
9668765,4.31
9668766,1.22
9668767,1.67
9668768,3.34
9668769,16.39
9668770,3.83
9668771,4.0
9668772,1.68
9668773,1.81
9668774,2.05
9668775,1.84
9668776,1.54
9668777,1.99
9668778,7.0
9668779,1.02
9668780,1.78
9668781,8.51
9668782,2.64
9668783,31.07
9668784,1.92
9668785,1.55
9668786,8.13
9668787,2.41
9668788,1.08
9668789,2.33
9668790,9.53
9668791,1.86
9668792,1.28
9668793,3.3
9668794,1.17
9668795,1.13
9668796,1.45
9668797,2.44
9668798,5.69
9668799,4.69
9668800,38.96
9668801,4.06
9668802,1.07
9668803,1.2
9668804,26.52
9668805,1.54
9668806,1.73
9668807,1.25
9668808,1.07
9668809,3.54
9668810,4.96
9668811,5.09
9668812,1.18
9668813,1.09
9668814,8.35
9668815,1.02
9668816,1.01
9668817,113.34
9668818,1.82
9668819,1.0
9668820,1.14
9668821,14.45
9668822,2.17
9668823,4.23
9668824,2.59
9668825,4.74
9668826,3.87
9668827,3.21
9668828,1.2
9668829,2.16
9668830,7.54
9668831,1.32
9668832,1.54
9668833,1.11
9668834,2.08
9668835,2.08
9668836,6.15
9668837,9.9
9668838,2.24
9668839,1.77
9668840,1.56
9668841,1.16
9668842,1.4
9668843,1.1
9668844,10.24
9668845,1.41
9668846,1.13
9668847,1.48
9668848,4.35
9668849,6.28
9668850,1.05
9668851,15.56
9668852,3.1
9668853,1.32
9668854,2.06
9668855,2.92
9668856,6.73
9668857,1.51
9668858,1.32
9668859,1.21
9668860,1.22
9668861,1.73
9668862,1.63
9668863,1.38
9668864,2.67
9668865,1.37
9668866,2.2
9668867,1.28
9668868,1.53
9668869,2.76
9668870,1.88
9668871,3.84
9668872,2.57
9668873,2.3
9668874,1.65
9668875,1.23
9668876,4.44
9668877,1.15
9668878,1.69
9668879,3.72
9668880,1.06
9668881,1.02
9668882,17.25
9668883,1.29
9668884,12.5
9668885,5.7
9668886,2.29
9668887,1.72
9668888,7.54
9668889,2.08
9668890,2.38
9668891,9.32
9668892,1.83
9668893,1.43
9668894,2.44
9668895,5.12
9668896,2.98
9668897,1.87
9668898,1.39
9668899,1.01
9668900,33.61
9668901,1.58
9668902,11.07
9668903,1.5
9668904,1.16
9668905,1.65
9668906,2.03
9668907,5.24
9668908,3.11
9668909,1.32
9668910,1.28
9668911,2.23
9668912,2.71
9668913,1.33
9668914,6.7
9668915,1.09
9668916,1.01
9668917,1.17
9668918,26.44
9668919,12.38
9668920,1.11
9668921,5.2
9668922,34.12
9668923,1.69
9668924,1.15
9668925,1.42
9668926,1.27
9668927,2.62
9668928,1.24
9668929,1.23
9668930,1.26
9668931,1.34
9668932,1.29
9668933,3.73
9668934,1.32
9668935,13.68
9668936,1.99
9668937,1.31
9668938,1.19
9668939,2.43
9668940,1.99
9668941,22.24
9668942,1.17
9668943,1.48
9668944,1.34
9668945,1.64
9668946,2.61
9668947,4.24
9668948,1.67
9668949,1.44
9668950,1.02
9668951,3.22
9668952,1.34
9668953,1.32
9668954,1.1
9668955,2.39
9668956,6.51
9668957,16.67
9668958,35.29
9668959,23.23
9668960,1.45
9668961,2.34
9668962,1.22
9668963,1.28
9668964,1.25
9668965,9.04
9668966,63.0
9668967,1.02
9668968,157.23
9668969,1.08
9668970,1.32
9668971,8.21
9668972,2.66
9668973,7.14
9668974,1.02
9668975,1.28
9668976,1.9
9668977,2.99
9668978,1.04
9668979,2.65
9668980,1.7
9668981,2.44
9668982,902.75
9668983,1.03
9668984,2.54
9668985,5.21
9668986,2.26
9668987,1.96
9668988,2.61
9668989,3.26
9668990,1.83
9668991,1.24
9668992,2.82
9668993,2.01
9668994,1.17
9668995,4.29
9668996,1.33
9668997,11.49
9668998,2.86
9668999,1.72
9669000,1.35
9669001,1.48
9669002,1.23
9669003,3.33
9669004,3.39
9669005,1.17
9669006,2.92
9669007,2.0
9669008,1.08
9669009,2.44
9669010,1.14
9669011,1.7
9669012,2.14
9669013,13.27
9669014,4.71
9669015,1.11
9669016,2.86
9669017,38.34
9669018,1.01
9669019,4.43
9669020,6.81
9669021,1.0
9669022,1.08
9669023,25.44
9669024,1.26
9669025,1.8
9669026,1.54
9669027,6.09
9669028,1.94
9669029,2.4
9669030,344.22
9669031,1.06
9669032,8.41
9669033,1.42
9669034,1.09
9669035,1.51
9669036,2.24
9669037,59.81
9669038,1.0
9669039,2.03
9669040,1.23
9669041,1.0
9669042,1.06
9669043,1.47
9669044,2.47
9669045,4.02
9669046,1.46
9669047,9.42
9669048,1.11
9669049,1.23
9669050,1.5
9669051,1.52
9669052,18.24
9669053,23.28
9669054,1.48
9669055,2.45
9669056,1.09
9669057,1.2
9669058,4.11
9669059,2.8
9669060,3.19
9669061,2.89
9669062,7.98
9669063,1.19
9669064,32.34
9669065,8.41
9669066,1.11
9669067,3.24
9669068,10.68
9669069,4.19
9669070,1.52
9669071,31.26
9669072,4.49
9669073,1.3
9669074,1.0
9669075,3.71
9669076,1.8
9669077,13.81
9669078,3.63
9669079,1.27
9669080,1.72
9669081,10.3
9669082,2.51
9669083,1.13
9669084,1.05
9669085,1.92
9669086,1.61
9669087,1.17
9669088,1.87
9669089,1.12
9669090,1.12
9669091,3.62
9669092,1.09
9669093,8.39
9669094,1.05
9669095,1.84
9669096,3.5
9669097,22.13
9669098,1.69
9669099,1.64
9669100,1.92
9669101,1.9
9669102,1.22
9669103,1.85
9669104,1.79
9669105,1.42
9669106,2.05
9669107,3.1
9669108,1.1
9669109,1.63
9669110,2.27
9669111,6.18
9669112,1.9
9669113,1.13
9669114,1.67
9669115,1.44
9669116,4.28
9669117,1.45
9669118,3.56
9669119,3.52
9669120,2.04
9669121,11.78
9669122,3.23
9669123,2.13
9669124,2.15
9669125,7.31
9669126,1.43
9669127,2.35
9669128,6.77
9669129,1.38
9669130,2.48
9669131,6.53
9669132,2.97
9669133,2.9
9669134,2.7
9669135,1.32
9669136,2.94
9669137,1.76
9669138,1.34
9669139,8.2
9669140,1.76
9669141,1.13
9669142,2.86
9669143,1.33
9669144,1.0
9669145,1.54
9669146,1.0
9669147,2.35
9669148,3.56
9669149,5.46
9669150,2.03
9669151,6.09
9669152,4.39
9669153,2.63
9669154,1.34
9669155,111.9
9669156,18.45
9669157,5.41
9669158,1.53
9669159,1.13
9669160,1.85
9669161,1.14
9669162,1.44
9669163,1.59
9669164,2.48
9669165,3.26
9669166,1.18
9669167,1.69
9669168,3.12
9669169,2.53
9669170,8.79
9669171,8.46
9669172,1.29
9669173,6.99
9669174,2.17
9669175,2.19
9669176,1.49
9669177,8.81
9669178,2.82
9669179,5.5
9669180,1.15
9669181,2.58
9669182,1.0
9669183,1.83
9669184,8.56
9669185,1.19
9669186,8.41
9669187,1.13
9669188,12.19
9669189,1.8
9669190,10.3
9669191,3.73
9669192,1.15
9669193,1.36
9669194,31.95
9669195,1.45
9669196,1.49
9669197,1.15
9669198,9.75
9669199,2.46
9669200,2.02
9669201,5.92
9669202,42.52
9669203,1.42
9669204,1.1
9669205,1.75
9669206,5.03
9669207,1.4
9669208,1.74
9669209,1.23
9669210,6.04
9669211,10.81
9669212,1.8
9669213,51.05
9669214,1.84
9669215,6.34
9669216,3.29
9669217,1.0
9669218,48.37
9669219,11.95
9669220,7.39
9669221,1.15
9669222,1.31
9669223,1.02
9669224,4.83
9669225,1.59
9669226,2.64
9669227,1.85
9669228,2.06
9669229,1.33
9669230,1.17
9669231,8.47
9669232,2.08
9669233,1.85
9669234,1.05
9669235,3.28
9669236,1.6
9669237,1.71
9669238,3.35
9669239,24.35
9669240,9.94
9669241,1.48
9669242,3.79
9669243,1.06
9669244,1.68
9669245,1.11
9669246,13.07
9669247,5.48
9669248,99.08
9669249,1.22
9669250,1.22
9669251,2.46
9669252,1.4
9669253,4.05
9669254,1.01
9669255,3.66
9669256,10.48
9669257,1.53
9669258,2.18
9669259,1.0
9669260,6.92
9669261,1.09
9669262,1.67
9669263,5.26
9669264,2.19
9669265,18.24
9669266,1.43
9669267,8.66
9669268,3.27
9669269,2.63
9669270,20.78
9669271,1.06
9669272,1.35
9669273,1.28
9669274,1.71
9669275,1.21
9669276,14.48
9669277,1.09
9669278,2.05
9669279,1.89
9669280,1.12
9669281,1.05
9669282,3.04
9669283,5.33
9669284,1.11
9669285,1.17
9669286,1.43
9669287,2.77
9669288,244.95
9669289,1.49
9669290,50.01
9669291,1.54
9669292,1.63
9669293,110.5
9669294,1.02
9669295,12.0
9669296,2.49
9669297,3.2
9669298,1.61
9669299,1.52
9669300,1.57
9669301,1.35
9669302,1.66
9669303,1.73
9669304,3.14
9669305,2.06
9669306,1.62
9669307,2.19
9669308,1.23
9669309,4.49
9669310,1.51
9669311,3.64
9669312,1.27
9669313,5.58
9669314,1.73
9669315,1.14
9669316,1.32
9669317,2.32
9669318,5.67
9669319,3.42
9669320,1.54
9669321,2.05
9669322,1.65
9669323,3.81
9669324,1.17
9669325,2.03
9669326,1.4
9669327,2.7
9669328,11.72
9669329,1.43
9669330,2.48
9669331,1.12
9669332,1.32
9669333,3.46
9669334,222.61
9669335,1.68
9669336,5.94
9669337,1.17
9669338,1.11
9669339,1.08
9669340,3.75
9669341,1.53
9669342,7.74
9669343,4.32
9669344,8.08
9669345,2.12
9669346,2.41
9669347,6.42
9669348,1.01
9669349,1.81
9669350,1.35
9669351,1.5
9669352,3.45
9669353,4.47
9669354,12.57
9669355,2.21
9669356,1.39
9669357,271.88
9669358,1.44
9669359,12.9
9669360,2.89
9669361,1.93
9669362,1.33
9669363,1.56
9669364,1.75
9669365,2.58
9669366,10.04
9669367,1.02
9669368,1.74
9669369,4.46
9669370,1.36
9669371,4.52
9669372,1.87
9669373,2.57
9669374,2.23
9669375,1.75
9669376,1.28
9669377,44.64
9669378,1.26
9669379,2.45
9669380,1.09
9669381,1.72
9669382,7.37
9669383,24.48
9669384,2.1
9669385,2.8
9669386,1.31
9669387,1.33
9669388,1.04
9669389,2.17
9669390,2.18
9669391,2.35
9669392,1.17
9669393,1.14
9669394,1.12
9669395,1.57
9669396,1.29
9669397,1.04
9669398,2.72
9669399,8.13
9669400,1.82
9669401,2.93
9669402,1.38
9669403,1.05
9669404,5.3
9669405,3.08
9669406,2.45
9669407,2.45
9669408,1.26
9669409,3.77
9669410,1.19
9669411,3.8
9669412,2.5
9669413,1.35
9669414,1.06
9669415,1.35
9669416,1.91
9669417,36.06
9669418,6.09
9669419,1.12
9669420,3.86
9669421,1.53
9669422,1.17
9669423,630.55
9669424,1.04
9669425,2.49
9669426,1.0
9669427,1.1
9669428,1.57
9669429,28.68
9669430,2.16
9669431,1.46
9669432,1.08
9669433,4.08
9669434,1.13
9669435,1.09
9669436,1.61
9669437,1.75
9669438,1.24
9669439,1.18
9669440,1.6
9669441,1.8
9669442,2.81
9669443,2.59
9669444,1.38
9669445,2.01
9669446,1.16
9669447,1.65
9669448,1.46
9669449,2.23
9669450,3.99
9669451,46.56
9669452,1.2
9669453,1.24
9669454,81.66
9669455,1.89
9669456,30.82
9669457,1.25
9669458,1.79
9669459,1.17
9669460,1.83
9669461,15.67
9669462,9.69
9669463,1.75
9669464,12.93
9669465,1.4
9669466,1.92
9669467,2.55
9669468,1.14
9669469,2.68
9669470,3.15
9669471,2.91
9669472,1.72
9669473,1.19
9669474,1.22
9669475,1.72
9669476,2.5
9669477,6.32
9669478,240.56
9669479,2.3
9669480,3.23
9669481,2.38
9669482,1.65
9669483,1.12
9669484,5.03
9669485,1.54
9669486,1.57
9669487,5.1
9669488,2.34
9669489,26.06
9669490,1.05
9669491,11.72
9669492,4.46
9669493,1.55
9669494,1.24
9669495,2.8
9669496,1.82
9669497,1.35
9669498,3.4
9669499,2.23
9669500,1.24
9669501,1.66
9669502,2.1
9669503,186.52
9669504,1.06
9669505,1.84
9669506,2.0
9669507,4.08
9669508,2.81
9669509,12.59
9669510,1.08
9669511,1.21
9669512,1.29
9669513,1.29
9669514,1.23
9669515,3.64
9669516,4.17
9669517,1.23
9669518,2.94
9669519,1.17
9669520,1.58
9669521,31.43
9669522,1.24
9669523,2.3
9669524,4.87
9669525,1.65
9669526,5.27
9669527,10.71
9669528,2.53
9669529,1.4
9669530,1.08
9669531,1.76
9669532,1.05
9669533,6.73
9669534,3.23
9669535,6.06
9669536,3.34
9669537,3.41
9669538,1.34
9669539,10.74
9669540,2.39
9669541,5.49
9669542,1.33
9669543,1.0
9669544,1.21
9669545,3.16
9669546,2.23
9669547,2.69
9669548,1.4
9669549,2.53
9669550,1.14
9669551,1.24
9669552,6.89
9669553,1.03
9669554,5.26
9669555,1.59
9669556,2.34
9669557,133.34
9669558,1.2
9669559,1.26
9669560,63.53
9669561,1.22
9669562,150.69
9669563,8.45
9669564,1.82
9669565,4.36
9669566,2.39
9669567,1.37
9669568,211.72
9669569,2.72
9669570,5.57
9669571,1.01
9669572,5.39
9669573,1.09
9669574,14.54
9669575,1.09
9669576,1.73
9669577,3.21
9669578,1.62
9669579,1.96
9669580,1.36
9669581,1.24
9669582,2.33
9669583,2.78
9669584,1.56
9669585,3.35
9669586,1.44
9669587,1.45
9669588,7.69
9669589,1.44
9669590,1.28
9669591,1.07
9669592,2.18
9669593,1.62
9669594,1.32
9669595,4.42
9669596,2.15
9669597,1.02
9669598,1.76
9669599,2.57
9669600,1.27
9669601,3.23
9669602,3.8
9669603,1.17
9669604,1.07
9669605,1.02
9669606,22.49
9669607,1.44
9669608,1.45
9669609,1.0
9669610,1.13
9669611,1.11
9669612,1.27
9669613,3.18
9669614,2.18
9669615,58.56
9669616,64.24
9669617,3.6
9669618,1.04
9669619,5.94
9669620,2.31
9669621,1.21
9669622,1.01
9669623,1.31
9669624,5.46
9669625,20.44
9669626,8.4
9669627,34.8
9669628,1.98
9669629,1.69
9669630,1.35
9669631,1.16
9669632,3.95
9669633,1.43
9669634,30.16
9669635,1.2
9669636,1.21
9669637,3.19
9669638,2.26
9669639,1.18
9669640,2.87
9669641,2.14
9669642,4.15
9669643,2.39
9669644,1.78
9669645,2.84
9669646,7.71
9669647,1.54
9669648,1.68
9669649,30.44
9669650,1.28
9669651,1.4
9669652,1.66
9669653,22.9
9669654,1.46
9669655,2.3
9669656,6.71
9669657,2.15
9669658,1.37
9669659,1.33
9669660,3.24
9669661,2.72
9669662,2.03
9669663,1.0
9669664,1.29
9669665,1.43
9669666,3.63
9669667,2.61
9669668,1.14
9669669,6.07
9669670,1.28
9669671,10.23
9669672,1.07
9669673,2.95
9669674,1.02
9669675,7.68
9669676,1.14
9669677,3.48
9669678,1.21
9669679,1.13
9669680,4.67
9669681,2.01
9669682,1.43
9669683,3.83
9669684,1.25
9669685,184.73
9669686,1.08
9669687,2.6
9669688,3.61
9669689,1.02
9669690,1.18
9669691,1.01
9669692,3.29
9669693,1.04
9669694,1.23
9669695,1.31
9669696,3.14
9669697,1.06
9669698,1.41
9669699,9.15
9669700,4.39
9669701,2.08
9669702,1.91
9669703,43.48
9669704,2.22
9669705,1.35
9669706,1.21
9669707,1.87
9669708,3.24
9669709,21.83
9669710,1.07
9669711,2.22
9669712,2.51
9669713,3.45
9669714,2.72
9669715,3.3
9669716,3.63
9669717,1.38
9669718,1.01
9669719,41.05
9669720,1.73
9669721,3.6
9669722,1.21
9669723,1.07
9669724,1.08
9669725,2.57
9669726,1.01
9669727,2.98
9669728,11.59
9669729,27.68
9669730,4.34
9669731,1.11
9669732,1.13
9669733,1.5
9669734,11.87
9669735,1.16
9669736,1.3
9669737,3.52
9669738,1.29
9669739,29.38
9669740,1.01
9669741,5.57
9669742,25.03
9669743,1.52
9669744,1.19
9669745,6.25
9669746,3.36
9669747,6.46
9669748,14.56
9669749,8.81
9669750,1.43
9669751,2.06
9669752,1.94
9669753,1.92
9669754,2.88
9669755,2.92
9669756,1.06
9669757,6.79
9669758,1.65
9669759,1.14
9669760,1.09
9669761,6.25
9669762,2.98
9669763,1.03
9669764,1.45
9669765,3.36
9669766,2.77
9669767,4.64
9669768,1.27
9669769,1.42
9669770,2.02
9669771,4.94
9669772,1.59
9669773,3.06
9669774,2.31
9669775,1.95
9669776,3.91
9669777,1.85
9669778,1.15
9669779,1.13
9669780,1.49
9669781,2.32
9669782,19.11
9669783,3.1
9669784,1.07
9669785,1.59
9669786,3.74
9669787,2.24
9669788,14.99
9669789,1.26
9669790,2.21
9669791,23.65
9669792,1.11
9669793,14.97
9669794,1.96
9669795,7.54
9669796,1.08
9669797,1.2
9669798,3.65
9669799,1.29
9669800,1.04
9669801,4.49
9669802,6.22
9669803,1.35
9669804,1.81
9669805,1.96
9669806,3.26
9669807,3.08
9669808,1.02
9669809,4.12
9669810,1.28
9669811,1.56
9669812,23.58
9669813,1.42
9669814,1.79
9669815,49.6
9669816,19.81
9669817,1.38
9669818,34.9
9669819,1.19
9669820,1.12
9669821,1.71
9669822,47.78
9669823,1.0
9669824,1.92
9669825,2.42
9669826,1.67
9669827,6.69
9669828,6.49
9669829,1.15
9669830,1.13
9669831,1.07
9669832,1.33
9669833,1.16
9669834,3.93
9669835,1.28
9669836,2.06
9669837,2.69
9669838,1.71
9669839,1.27
9669840,164.07
9669841,1.24
9669842,3.66
9669843,1.14
9669844,1.68
9669845,5.54
9669846,4.68
9669847,3.37
9669848,1.21
9669849,2.05
9669850,9.33
9669851,4.53
9669852,1.5
9669853,3.12
9669854,1.88
9669855,1.99
9669856,9.85
9669857,1.74
9669858,2.54
9669859,2.11
9669860,1.45
9669861,63.11
9669862,10.1
9669863,3.15
9669864,22.63
9669865,2.3
9669866,1.42
9669867,1.43
9669868,1.5
9669869,2.04
9669870,6.59
9669871,10.78
9669872,2.8
9669873,9.63
9669874,9.83
9669875,1.17
9669876,28.12
9669877,2.39
9669878,1.66
9669879,4.99
9669880,2.39
9669881,2.41
9669882,1.17
9669883,3.88
9669884,1.52
9669885,1.72
9669886,9.95
9669887,14.66
9669888,1.17
9669889,2.28
9669890,7.01
9669891,1.06
9669892,1.19
9669893,3.23
9669894,3.7
9669895,2.56
9669896,3.16
9669897,2.81
9669898,1.0
9669899,3.65
9669900,1.55
9669901,4.8
9669902,8.51
9669903,1.74
9669904,1.02
9669905,6.28
9669906,2.71
9669907,1.3
9669908,3.09
9669909,6.48
9669910,45.07
9669911,20.28
9669912,1.0
9669913,1.29
9669914,29.95
9669915,4.19
9669916,6.62
9669917,1.76
9669918,31.71
9669919,5.47
9669920,2.72
9669921,1.43
9669922,1.97
9669923,7.84
9669924,4.27
9669925,1.35
9669926,27.04
9669927,3.53
9669928,1.41
9669929,1.03
9669930,5.13
9669931,9.9
9669932,2.04
9669933,1.26
9669934,1.26
9669935,1.19
9669936,2.31
9669937,21.14
9669938,1.3
9669939,1.26
9669940,2.3
9669941,7.1
9669942,1.66
9669943,3.64
9669944,5.68
9669945,1.74
9669946,3.06
9669947,3.79
9669948,28.73
9669949,1.68
9669950,108.17
9669951,1.78
9669952,4.98
9669953,3.54
9669954,4.71
9669955,3.04
9669956,43.61
9669957,9.84
9669958,2.54
9669959,5.84
9669960,1.0
9669961,7.62
9669962,1.76
9669963,1.12
9669964,6.31
9669965,1.39
9669966,3.01
9669967,3.49
9669968,3.61
9669969,1.32
9669970,1.4
9669971,1.08
9669972,5.3
9669973,1.14
9669974,1.16
9669975,1.01
9669976,5.01
9669977,8.88
9669978,1.7
9669979,4.82
9669980,1.23
9669981,1.12
9669982,4.55
9669983,1.77
9669984,3.57
9669985,2.4
9669986,1.77
9669987,3.64
9669988,1.8
9669989,1.09
9669990,1.29
9669991,1.61
9669992,42.49
9669993,2.45
9669994,5.32
9669995,1.74
9669996,1.15
9669997,8.1
9669998,2.72
9669999,1.37
9670000,3.56
9670001,2.8
9670002,1.03
9670003,9.6
9670004,12.31
9670005,2.15
9670006,1.0
9670007,1.41
9670008,1.79
9670009,5.3
9670010,4.51
9670011,1.52
9670012,3.97
9670013,1.3
9670014,2.67
9670015,3.15
9670016,2.64
9670017,1.36
9670018,1.82
9670019,6.65
9670020,2.01
9670021,1.16
9670022,2.27
9670023,1.17
9670024,3.09
9670025,18.82
9670026,1.21
9670027,2.58
9670028,1.77
9670029,1.1
9670030,2.04
9670031,1.21
9670032,1.04
9670033,5.55
9670034,1.42
9670035,1.08
9670036,1.03
9670037,2.88
9670038,2.74
9670039,1.85
9670040,12.65
9670041,2.17
9670042,1.73
9670043,1.31
9670044,2.12
9670045,1.2
9670046,3.92
9670047,1.32
9670048,1.46
9670049,1.89
9670050,2.7
9670051,3.71
9670052,1.3
9670053,1.75
9670054,2.82
9670055,2.95
9670056,1.04
9670057,3.75
9670058,2.95
9670059,1.39
9670060,14.73
9670061,2.08
9670062,1.31
9670063,1.73
9670064,1.22
9670065,2.38
9670066,28.03
9670067,1.72
9670068,17.28
9670069,1.18
9670070,1.37
9670071,1.16
9670072,2.28
9670073,1.12
9670074,1.0
9670075,2.86
9670076,4.04
9670077,3.15
9670078,2.19
9670079,1.38
9670080,5.91
9670081,1.91
9670082,2.39
9670083,1.07
9670084,1.08
9670085,4.07
9670086,1.69
9670087,1.41
9670088,6.22
9670089,1.01
9670090,1.08
9670091,11.47
9670092,2.29
9670093,1.38
9670094,2.33
9670095,7.37
9670096,1.84
9670097,1.96
9670098,1.52
9670099,17.22
9670100,2.94
9670101,1.55
9670102,3.72
9670103,1.04
9670104,1.0
9670105,2.03
9670106,1.12
9670107,1.52
9670108,1.69
9670109,16.01
9670110,1.4
9670111,10.47
9670112,1.22
9670113,9.44
9670114,1.02
9670115,1.43
9670116,2.53
9670117,1.21
9670118,11.02
9670119,1.19
9670120,3.84
9670121,1.45
9670122,1.56
9670123,2.64
9670124,1.74
9670125,1.6
9670126,2.39
9670127,1.96
9670128,4.9
9670129,83.1
9670130,4.52
9670131,1.34
9670132,1.1
9670133,6.11
9670134,1.13
9670135,18.53
9670136,1.64
9670137,1.12
9670138,2.9
9670139,10.6
9670140,46.73
9670141,2.3
9670142,1.86
9670143,2.3
9670144,2.44
9670145,13.2
9670146,1.16
9670147,1.59
9670148,1.58
9670149,2.15
9670150,1.23
9670151,11.34
9670152,2.33
9670153,10.64
9670154,9.06
9670155,1.42
9670156,1.33
9670157,3.52
9670158,1.84
9670159,1.55
9670160,1.0
9670161,7.12
9670162,1.96
9670163,1.2
9670164,10.42
9670165,2.28
9670166,1.09
9670167,1.07
9670168,1.25
9670169,1.23
9670170,1.2
9670171,2.91
9670172,1.57
9670173,1.11
9670174,2.12
9670175,1.13
9670176,1.04
9670177,1.71
9670178,1.05
9670179,1.04
9670180,1.36
9670181,10.78
9670182,742.74
9670183,4.42
9670184,1.35
9670185,2.17
9670186,2.73
9670187,1.02
9670188,1.9
9670189,1.26
9670190,1.13
9670191,1.23
9670192,1.18
9670193,2.24
9670194,1.95
9670195,1.0
9670196,38.08
9670197,2.86
9670198,209.37
9670199,6.55
9670200,8.95
9670201,1.52
9670202,4.14
9670203,5.97
9670204,1.83
9670205,2.2
9670206,1.47
9670207,1.5
9670208,1.35
9670209,2.54
9670210,5.21
9670211,4.82
9670212,1.25
9670213,1.35
9670214,6.08
9670215,2.2
9670216,8.66
9670217,1.61
9670218,12.81
9670219,3.56
9670220,1.02
9670221,1.68
9670222,1.12
9670223,4.62
9670224,1.18
9670225,1.73
9670226,1.47
9670227,1.95
9670228,2.17
9670229,1.71
9670230,1.8
9670231,2.15
9670232,2.26
9670233,1.24
9670234,5.72
9670235,8.68
9670236,2.41
9670237,1.04
9670238,1.04
9670239,1.22
9670240,1.05
9670241,1.03
9670242,1.41
9670243,6.64
9670244,1.93
9670245,1.24
9670246,4.81
9670247,1.46
9670248,13.71
9670249,2.99
9670250,10.39
9670251,2.29
9670252,85.25
9670253,1.15
9670254,1.0
9670255,4.07
9670256,1.21
9670257,4.0
9670258,1.27
9670259,1.98
9670260,4.36
9670261,2.02
9670262,1.04
9670263,3.34
9670264,1.67
9670265,4.24
9670266,1.17
9670267,179.12
9670268,4.85
9670269,1.16
9670270,1.36
9670271,2.48
9670272,1.48
9670273,1.8
9670274,1.74
9670275,17.4
9670276,1.63
9670277,2.19
9670278,2.01
9670279,3.95
9670280,3.29
9670281,2.55
9670282,99.64
9670283,1.73
9670284,1.2
9670285,7.55
9670286,1.0
9670287,4.52
9670288,4.04
9670289,4.25
9670290,2.65
9670291,4.32
9670292,11.82
9670293,2.93
9670294,1.05
9670295,7.62
9670296,2.13
9670297,13.36
9670298,1.36
9670299,1.27
9670300,1.74
9670301,1.15
9670302,2.31
9670303,3.39
9670304,2.16
9670305,2.45
9670306,11.38
9670307,7.14
9670308,1.65
9670309,48.9
9670310,1.82
9670311,3.66
9670312,1.11
9670313,2.66
9670314,1.32
9670315,7.06
9670316,2.47
9670317,1.99
9670318,2.11
9670319,1.57
9670320,2.1
9670321,1.04
9670322,1.41
9670323,1.42
9670324,4.95
9670325,2.71
9670326,21.09
9670327,1.69
9670328,3.7
9670329,19.1
9670330,6.43
9670331,11.62
9670332,17.05
9670333,1.72
9670334,1.97
9670335,33.1
9670336,3.38
9670337,3.61
9670338,9.79
9670339,18.56
9670340,9.28
9670341,1.01
9670342,22.52
9670343,2.96
9670344,1.52
9670345,7.06
9670346,1.39
9670347,1.51
9670348,2.48
9670349,10.33
9670350,1.12
9670351,7.59
9670352,1.04
9670353,2.76
9670354,1.73
9670355,1.44
9670356,1.25
9670357,1.67
9670358,1.43
9670359,1.16
9670360,2.24
9670361,3.02
9670362,30.06
9670363,5.93
9670364,1.86
9670365,1.02
9670366,1.18
9670367,6.17
9670368,1.24
9670369,2.36
9670370,4.75
9670371,1.37
9670372,1.18
9670373,1.31
9670374,1.78
9670375,1.18
9670376,1.16
9670377,2.03
9670378,1.56
9670379,4.17
9670380,1.11
9670381,1.62
9670382,2.12
9670383,22.53
9670384,5.57
9670385,1.2
9670386,15.93
9670387,1.07
9670388,2.89
9670389,1.3
9670390,1.9
9670391,3.17
9670392,1.23
9670393,2.68
9670394,1.27
9670395,5.17
9670396,1.51
9670397,1.32
9670398,3.3
9670399,1.27
9670400,4.29
9670401,1.79
9670402,3.46
9670403,1.01
9670404,4.91
9670405,2.3
9670406,1.2
9670407,1.01
9670408,5.77
9670409,4.04
9670410,3.91
9670411,3.75
9670412,3.03
9670413,1.16
9670414,1.28
9670415,1.2
9670416,6.69
9670417,1.02
9670418,1.88
9670419,1.01
9670420,1.11
9670421,3.34
9670422,1.0
9670423,1.24
9670424,1.58
9670425,8537.2
9670426,28.49
9670427,5.39
9670428,5.67
9670429,2.72
9670430,1.6
9670431,9.98
9670432,4.86
9670433,2.31
9670434,1.1
9670435,1.05
9670436,1.0
9670437,1.12
9670438,2.6
9670439,8.55
9670440,3.04
9670441,2.24
9670442,1.92
9670443,1.62
9670444,32.49
9670445,3.45
9670446,5.18
9670447,39.0
9670448,1.1
9670449,1.02
9670450,1.7
9670451,68.44
9670452,1.82
9670453,1.08
9670454,1.07
9670455,2.33
9670456,2.81
9670457,2.74
9670458,2.09
9670459,1.94
9670460,4.09
9670461,1.09
9670462,1.62
9670463,1.63
9670464,1.23
9670465,1.06
9670466,5.21
9670467,2.62
9670468,2.02
9670469,2.28
9670470,17.97
9670471,1.84
9670472,1.31
9670473,1.63
9670474,1.52
9670475,1.1
9670476,3.24
9670477,3.45
9670478,1.74
9670479,2.25
9670480,6.18
9670481,1.02
9670482,3.69
9670483,1.26
9670484,4.19
9670485,4.38
9670486,3.3
9670487,1.56
9670488,6.68
9670489,1.15
9670490,2.44
9670491,2.46
9670492,1.49
9670493,1.01
9670494,1.29
9670495,1.02
9670496,1.02
9670497,1.13
9670498,1.6
9670499,3.15
9670500,1.08
9670501,2.41
9670502,6.42
9670503,1.58
9670504,3.57
9670505,3.26
9670506,1.78
9670507,15.13
9670508,2.91
9670509,4.74
9670510,2.63
9670511,3.58
9670512,2.74
9670513,1.39
9670514,33.05
9670515,1.61
9670516,26.28
9670517,1.14
9670518,1.23
9670519,6.05
9670520,2.4
9670521,1.56
9670522,1.05
9670523,1.97
9670524,8.34
9670525,30.43
9670526,1.31
9670527,1.19
9670528,1.54
9670529,1.03
9670530,1.5
9670531,19.52
9670532,1.25
9670533,1.34
9670534,4.46
9670535,3.48
9670536,1.31
9670537,3.97
9670538,1.81
9670539,2.4
9670540,3.06
9670541,5.19
9670542,8.6
9670543,7.54
9670544,1.77
9670545,2.55
9670546,2.28
9670547,4.68
9670548,1.69
9670549,4.16
9670550,5.09
9670551,1.12
9670552,1.12
9670553,3.51
9670554,1.84
9670555,1.31
9670556,1.1
9670557,15.75
9670558,1.33
9670559,1.96
9670560,1.32
9670561,1.45
9670562,5.99
9670563,2.52
9670564,2.99
9670565,2.79
9670566,1.03
9670567,1.37
9670568,2.25
9670569,1.77
9670570,1.37
9670571,1.37
9670572,1.17
9670573,2.72
9670574,10.4
9670575,1.46
9670576,1.2
9670577,3.94
9670578,5.23
9670579,4.64
9670580,1.51
9670581,2.06
9670582,1.52
9670583,5.65
9670584,3.31
9670585,1.7
9670586,1.03
9670587,4.62
9670588,1.78
9670589,1.24
9670590,1.57
9670591,1.7
9670592,1.07
9670593,5.14
9670594,1.61
9670595,7.63
9670596,1.13
9670597,2.47
9670598,1.39
9670599,7.62
9670600,2.97
9670601,2.15
9670602,6.38
9670603,1.05
9670604,6.73
9670605,1.89
9670606,8.09
9670607,1.45
9670608,17.5
9670609,1.16
9670610,3.41
9670611,1.73
9670612,1.02
9670613,13.9
9670614,1.61
9670615,1.38
9670616,2.56
9670617,55.97
9670618,105.82
9670619,1.08
9670620,1.24
9670621,1.06
9670622,1.39
9670623,1.08
9670624,1.41
9670625,1.04
9670626,2.18
9670627,2.47
9670628,1.09
9670629,1.21
9670630,1.43
9670631,5.45
9670632,1.12
9670633,1.61
9670634,1.44
9670635,1.65
9670636,3.57
9670637,1.46
9670638,4.73
9670639,3.03
9670640,201.05
9670641,14.44
9670642,3.94
9670643,1.03
9670644,4.9
9670645,3.06
9670646,3.19
9670647,5.19
9670648,2.27
9670649,1.21
9670650,2.35
9670651,2.18
9670652,1.56
9670653,4.1
9670654,5.74
9670655,1.12
9670656,1.63
9670657,3.71
9670658,4.85
9670659,1.18
9670660,6.62
9670661,5.86
9670662,1.48
9670663,1.16
9670664,5.2
9670665,2.06
9670666,5.06
9670667,1.81
9670668,1.33
9670669,1.26
9670670,6.47
9670671,3.08
9670672,2.64
9670673,11.4
9670674,2.41
9670675,2.32
9670676,2.99
9670677,4.17
9670678,5.88
9670679,16.77
9670680,1.36
9670681,1.07
9670682,2.69
9670683,1.98
9670684,1.88
9670685,1.41
9670686,1.99
9670687,1.39
9670688,7.44
9670689,13.05
9670690,6.96
9670691,1.37
9670692,2.62
9670693,1.23
9670694,2.06
9670695,1.29
9670696,3.79
9670697,1.46
9670698,6.35
9670699,1.71
9670700,1.01
9670701,11.85
9670702,6.61
9670703,1.38
9670704,1.88
9670705,2.79
9670706,1.16
9670707,5.76
9670708,3.4
9670709,2.92
9670710,1.17
9670711,1.03
9670712,1.02
9670713,15.3
9670714,6.5
9670715,1.97
9670716,1.8
9670717,1.19
9670718,2.41
9670719,1.24
9670720,1.74
9670721,1.8
9670722,17.97
9670723,3.38
9670724,1.06
9670725,1.13
9670726,1.0
9670727,4.73
9670728,2.59
9670729,6.79
9670730,13.22
9670731,2.06
9670732,2.48
9670733,2.05
9670734,1.02
9670735,2.21
9670736,10.1
9670737,9.26
9670738,8.33
9670739,2.84
9670740,2.67
9670741,1.09
9670742,1.14
9670743,1.68
9670744,3.48
9670745,1.09
9670746,2.25
9670747,1.0
9670748,2.35
9670749,4.88
9670750,1.94
9670751,1.66
9670752,1.0
9670753,1.25
9670754,1.78
9670755,1.68
9670756,1.1
9670757,21.79
9670758,1.21
9670759,54.72
9670760,1.1
9670761,1.67
9670762,1.53
9670763,3.33
9670764,1.06
9670765,1.48
9670766,1.71
9670767,17.04
9670768,1.38
9670769,2.52
9670770,11.99
9670771,5.4
9670772,2.29
9670773,1.38
9670774,3.6
9670775,1.4
9670776,2.2
9670777,1.42
9670778,1.21
9670779,1.02
9670780,4.74
9670781,1.02
9670782,1.11
9670783,1.05
9670784,8.4
9670785,1.68
9670786,1.11
9670787,4.57
9670788,1.15
9670789,2.2
9670790,1.43
9670791,5.76
9670792,2.65
9670793,1.17
9670794,2.02
9670795,2.05
9670796,2.03
9670797,1.94
9670798,1.04
9670799,1.0
9670800,1.09
9670801,7.18
9670802,1.34
9670803,6.4
9670804,1.33
9670805,10.31
9670806,1.72
9670807,1.91
9670808,1.61
9670809,3.86
9670810,1.33
9670811,1.25
9670812,4.07
9670813,1.8
9670814,1.06
9670815,2.18
9670816,1.2
9670817,3.23
9670818,1.92
9670819,1.13
9670820,2.18
9670821,4.35
9670822,1.62
9670823,1.16
9670824,1.77
9670825,5.03
9670826,8.02
9670827,3.45
9670828,1.83
9670829,2.97
9670830,3.78
9670831,6.77
9670832,1.07
9670833,3.98
9670834,1.68
9670835,1.63
9670836,3.14
9670837,1.04
9670838,3.06
9670839,4.14
9670840,60.26
9670841,5.66
9670842,1.24
9670843,4.19
9670844,1.15
9670845,2.1
9670846,2.83
9670847,23.01
9670848,2.04
9670849,1.46
9670850,1.59
9670851,1.11
9670852,20.21
9670853,4.46
9670854,1.39
9670855,7.98
9670856,1.25
9670857,2.73
9670858,4.15
9670859,32.78
9670860,1.06
9670861,10.46
9670862,1.18
9670863,1.55
9670864,1.01
9670865,1.38
9670866,19.11
9670867,1.31
9670868,2.87
9670869,4.11
9670870,1.5
9670871,2.51
9670872,1.22
9670873,5.4
9670874,94.02
9670875,1.07
9670876,1.2
9670877,1.74
9670878,1.41
9670879,1.32
9670880,2.9
9670881,1.0
9670882,1.03
9670883,17.9
9670884,2.01
9670885,6.16
9670886,1.32
9670887,2.04
9670888,28.86
9670889,15.92
9670890,5.64
9670891,3.77
9670892,5.23
9670893,3.5
9670894,1.02
9670895,1.58
9670896,1.09
9670897,1.82
9670898,1.48
9670899,1.97
9670900,3.92
9670901,1.33
9670902,1.75
9670903,6.68
9670904,7.41
9670905,4.09
9670906,8.9
9670907,1.32
9670908,3.64
9670909,3.55
9670910,14.89
9670911,1.99
9670912,46.7
9670913,3.86
9670914,1.47
9670915,2.41
9670916,43.84
9670917,2.17
9670918,1.37
9670919,1.28
9670920,11.12
9670921,2.91
9670922,1.54
9670923,1.42
9670924,10.44
9670925,1.66
9670926,9.24
9670927,9.1
9670928,1.07
9670929,1.06
9670930,1.8
9670931,1.69
9670932,1.51
9670933,1.7
9670934,1.32
9670935,5.33
9670936,8.82
9670937,7.48
9670938,96.34
9670939,2.19
9670940,2.72
9670941,1.22
9670942,16.7
9670943,1.72
9670944,1.05
9670945,4.49
9670946,1.11
9670947,1.04
9670948,2.7
9670949,2.78
9670950,2.17
9670951,2.01
9670952,1.96
9670953,1.26
9670954,1.29
9670955,1.58
9670956,1.39
9670957,10.96
9670958,1.18
9670959,1.4
9670960,2.34
9670961,3.38
9670962,5.97
9670963,4.93
9670964,4.5
9670965,1.66
9670966,46.66
9670967,3.02
9670968,4.49
9670969,1.07
9670970,3.47
9670971,1.41
9670972,8.56
9670973,2.27
9670974,3.32
9670975,1.07
9670976,1.0
9670977,1.0
9670978,2.18
9670979,3.37
9670980,16.27
9670981,8.46
9670982,2.16
9670983,3.76
9670984,1.93
9670985,3.36
9670986,3.38
9670987,8.85
9670988,2.42
9670989,1.18
9670990,46.37
9670991,1.27
9670992,1.04
9670993,1.71
9670994,2.29
9670995,3.86
9670996,4.14
9670997,1.14
9670998,3.76
9670999,2.36
9671000,1.03
9671001,1.55
9671002,28.32
9671003,1.6
9671004,1.94
9671005,2.12
9671006,1.59
9671007,1.64
9671008,1.29
9671009,1.0
9671010,6.95
9671011,1.01
9671012,36.48
9671013,2.28
9671014,4.7
9671015,1.69
9671016,3.88
9671017,1.32
9671018,1.97
9671019,5.5
9671020,3.07
9671021,1.16
9671022,1.65
9671023,2.05
9671024,1.31
9671025,1.69
9671026,3.38
9671027,1.01
9671028,3.93
9671029,6.6
9671030,2.82
9671031,2.71
9671032,1.25
9671033,1.63
9671034,3.11
9671035,2.24
9671036,5.37
9671037,1.67
9671038,3.07
9671039,1.04
9671040,1.86
9671041,1.08
9671042,1.41
9671043,1.14
9671044,2.69
9671045,1.49
9671046,1.08
9671047,1.11
9671048,1.04
9671049,6.87
9671050,1.15
9671051,1.26
9671052,2.49
9671053,4.7
9671054,10.55
9671055,1.7
9671056,1.03
9671057,4.7
9671058,1.68
9671059,2.38
9671060,1.06
9671061,17.96
9671062,2.84
9671063,1.04
9671064,4.32
9671065,2.25
9671066,1.76
9671067,1.03
9671068,1.57
9671069,1.13
9671070,4.01
9671071,2.05
9671072,1.04
9671073,1.26
9671074,1.68
9671075,1.09
9671076,1.1
9671077,1.5
9671078,5.92
9671079,1.43
9671080,1.26
9671081,20.23
9671082,1.22
9671083,2.14
9671084,5.98
9671085,3.57
9671086,2.76
9671087,1.39
9671088,3.31
9671089,1.06
9671090,2.37
9671091,3.76
9671092,1.98
9671093,5.5
9671094,1.17
9671095,2.5
9671096,2.21
9671097,1.06
9671098,10.95
9671099,3.67
9671100,2.41
9671101,1.46
9671102,1.15
9671103,4.44
9671104,6.41
9671105,4.02
9671106,1.02
9671107,3.74
9671108,1.19
9671109,3.12
9671110,1.7
9671111,2.65
9671112,1.78
9671113,1.36
9671114,1.12
9671115,1.21
9671116,2.56
9671117,1.06
9671118,17.85
9671119,2.7
9671120,1.5
9671121,1889.48
9671122,2.1
9671123,4.48
9671124,40.06
9671125,1.08
9671126,1.07
9671127,1.18
9671128,4.26
9671129,1.37
9671130,1.31
9671131,41.5
9671132,1.08
9671133,1.51
9671134,3.68
9671135,1.52
9671136,5.89
9671137,1.4
9671138,1.98
9671139,2.12
9671140,2.27
9671141,32.41
9671142,1.02
9671143,1.14
9671144,7.14
9671145,9.76
9671146,1.18
9671147,4.2
9671148,4.52
9671149,2.42
9671150,1.82
9671151,1.41
9671152,10.93
9671153,1.99
9671154,1.36
9671155,1.28
9671156,1.05
9671157,2.99
9671158,1.13
9671159,1.06
9671160,1.68
9671161,2.64
9671162,2.6
9671163,1.38
9671164,3.05
9671165,2.58
9671166,3.38
9671167,2.48
9671168,1.17
9671169,1.86
9671170,1.22
9671171,32.59
9671172,1.09
9671173,1.73
9671174,1.35
9671175,1.37
9671176,2.55
9671177,1.97
9671178,1.7
9671179,1.32
9671180,7.45
9671181,4.97
9671182,6.36
9671183,9.13
9671184,2.93
9671185,1.42
9671186,4.78
9671187,1.03
9671188,2.27
9671189,1.04
9671190,1.06
9671191,1.9
9671192,2.29
9671193,2.33
9671194,44.16
9671195,1.36
9671196,4.65
9671197,7.62
9671198,4.1
9671199,1.52
9671200,1.04
9671201,9.67
9671202,1.02
9671203,7.77
9671204,1.04
9671205,1.6
9671206,1.0
9671207,6.03
9671208,1.63
9671209,2.01
9671210,3.19
9671211,2.77
9671212,6.86
9671213,1.6
9671214,1.12
9671215,18.15
9671216,1.44
9671217,1.18
9671218,1.13
9671219,1.88
9671220,1.22
9671221,4.15
9671222,1.24
9671223,1.09
9671224,1.02
9671225,1.74
9671226,1.52
9671227,2.6
9671228,1.49
9671229,1.03
9671230,1.96
9671231,1.02
9671232,3.21
9671233,1.97
9671234,73.69
9671235,1.16
9671236,1.9
9671237,1.73
9671238,3.64
9671239,1.15
9671240,44.84
9671241,6.51
9671242,1.21
9671243,3.95
9671244,1.21
9671245,1.0
9671246,1.07
9671247,1.49
9671248,2.75
9671249,4.49
9671250,1.7
9671251,1.29
9671252,1.38
9671253,1.6
9671254,1.01
9671255,38.2
9671256,7.08
9671257,2.51
9671258,1.24
9671259,1.12
9671260,1.78
9671261,3.17
9671262,1.92
9671263,3.55
9671264,25.74
9671265,2.28
9671266,1.86
9671267,1.25
9671268,1.43
9671269,1.65
9671270,4.34
9671271,1.26
9671272,1.74
9671273,1.47
9671274,9.19
9671275,1.14
9671276,3.83
9671277,1.17
9671278,1.08
9671279,4.16
9671280,2.19
9671281,1.32
9671282,3.34
9671283,2.77
9671284,1.55
9671285,138.11
9671286,1.08
9671287,1.39
9671288,1.02
9671289,12.96
9671290,1.1
9671291,2.14
9671292,10.37
9671293,5.58
9671294,2.83
9671295,1.09
9671296,1.39
9671297,1.32
9671298,1.27
9671299,1.32
9671300,1.53
9671301,1.13
9671302,1.49
9671303,1.58
9671304,2.52
9671305,1.63
9671306,13.31
9671307,2.08
9671308,1.49
9671309,1.23
9671310,13.71
9671311,1.5
9671312,6.14
9671313,1.7
9671314,2.79
9671315,1.17
9671316,1.01
9671317,1.31
9671318,2.55
9671319,2.31
9671320,3.82
9671321,1.2
9671322,1.09
9671323,10.14
9671324,1.36
9671325,1.12
9671326,3.08
9671327,3.71
9671328,5.16
9671329,1.88
9671330,3.69
9671331,1.82
9671332,1.22
9671333,4.47
9671334,1.78
9671335,1.08
9671336,1.04
9671337,2.1
9671338,2.03
9671339,22.19
9671340,1.85
9671341,1.52
9671342,1.38
9671343,1.96
9671344,1.25
9671345,3.2
9671346,41.36
9671347,19.15
9671348,1.78
9671349,1.26
9671350,2.93
9671351,1.54
9671352,2.21
9671353,2.5
9671354,1.11
9671355,3.28
9671356,1.48
9671357,1.29
9671358,6.56
9671359,1.36
9671360,1.82
9671361,1.48
9671362,2.92
9671363,2.44
9671364,4.77
9671365,2.87
9671366,1.07
9671367,6.45
9671368,1.27
9671369,1.83
9671370,1.07
9671371,1.41
9671372,2.17
9671373,22.7
9671374,1.17
9671375,5.74
9671376,8.39
9671377,1.0
9671378,2.64
9671379,1.01
9671380,3.79
9671381,1.59
9671382,1.27
9671383,1.13
9671384,1.43
9671385,1.2
9671386,5.4
9671387,1.26
9671388,3.16
9671389,9.81
9671390,3.47
9671391,2.54
9671392,2.01
9671393,1.2
9671394,6.58
9671395,2.35
9671396,1.54
9671397,2.25
9671398,3.47
9671399,11.67
9671400,1.44
9671401,1.82
9671402,13.12
9671403,3.95
9671404,10.67
9671405,1.59
9671406,73.02
9671407,3.57
9671408,1.62
9671409,1.8
9671410,2.08
9671411,3.34
9671412,1.1
9671413,1.45
9671414,1.91
9671415,3.21
9671416,1.35
9671417,7.19
9671418,7.23
9671419,10.09
9671420,5.48
9671421,3.06
9671422,1.07
9671423,22.32
9671424,1.47
9671425,1.42
9671426,2.56
9671427,1.5
9671428,5.82
9671429,1.16
9671430,1.01
9671431,2.46
9671432,2.52
9671433,14.4
9671434,4.78
9671435,7.73
9671436,1.2
9671437,2.15
9671438,1.2
9671439,2.39
9671440,1.12
9671441,52.49
9671442,1.03
9671443,2.07
9671444,1.57
9671445,1.77
9671446,1.62
9671447,8.81
9671448,1.77
9671449,1.6
9671450,3.13
9671451,1.86
9671452,1.01
9671453,4.19
9671454,25.94
9671455,8.13
9671456,1.48
9671457,1.06
9671458,2.42
9671459,1.25
9671460,2.22
9671461,1.77
9671462,2.03
9671463,6.59
9671464,1.04
9671465,1.07
9671466,1.14
9671467,2.93
9671468,1.28
9671469,2.1
9671470,1.22
9671471,1.56
9671472,1.87
9671473,5.31
9671474,1.28
9671475,2.11
9671476,1.59
9671477,1.21
9671478,1.37
9671479,1.03
9671480,4.86
9671481,2.49
9671482,1.0
9671483,1.68
9671484,3.36
9671485,2.42
9671486,1.32
9671487,1.58
9671488,1.58
9671489,25.06
9671490,1.88
9671491,9.3
9671492,1.43
9671493,1.03
9671494,3.02
9671495,1.38
9671496,1.12
9671497,1.83
9671498,1.1
9671499,1.61
9671500,2.46
9671501,3.44
9671502,5.11
9671503,1.32
9671504,2.95
9671505,1.41
9671506,1.3
9671507,3.1
9671508,4.75
9671509,3.05
9671510,12.24
9671511,2.35
9671512,3.66
9671513,3.51
9671514,1.08
9671515,4.05
9671516,1.7
9671517,1.41
9671518,1.33
9671519,1.02
9671520,1.51
9671521,6.15
9671522,1.35
9671523,2.24
9671524,10.23
9671525,1.02
9671526,35.63
9671527,2.23
9671528,1.03
9671529,4.84
9671530,1.05
9671531,3.25
9671532,194.22
9671533,40.57
9671534,2.85
9671535,1.21
9671536,2.72
9671537,5.59
9671538,2.15
9671539,30.71
9671540,1.26
9671541,1.15
9671542,1.33
9671543,1.32
9671544,1.88
9671545,1.19
9671546,1.93
9671547,3.64
9671548,1.06
9671549,2.95
9671550,2.32
9671551,1.15
9671552,10.11
9671553,1.81
9671554,2.1
9671555,1.21
9671556,3.58
9671557,1.47
9671558,1.04
9671559,2.2
9671560,1.94
9671561,1.32
9671562,1.52
9671563,4.58
9671564,2.05
9671565,1.15
9671566,3.45
9671567,2.07
9671568,2.07
9671569,49.99
9671570,1.06
9671571,9.18
9671572,1.81
9671573,5.46
9671574,37.35
9671575,3.86
9671576,14.31
9671577,1.56
9671578,3.3
9671579,2.31
9671580,1.18
9671581,1.36
9671582,1.69
9671583,1.57
9671584,1.44
9671585,2.92
9671586,1.23
9671587,1.33
9671588,1.34
9671589,1.92
9671590,1.11
9671591,2.53
9671592,1.56
9671593,4.25
9671594,15.81
9671595,1.82
9671596,1.19
9671597,1.0
9671598,1.26
9671599,1.88
9671600,6.15
9671601,120.2
9671602,1.06
9671603,4.01
9671604,1.01
9671605,2.23
9671606,1.4
9671607,1.56
9671608,3.29
9671609,1.11
9671610,2.1
9671611,2.95
9671612,1.75
9671613,1.0
9671614,6.17
9671615,1.21
9671616,1.23
9671617,1.0
9671618,43.09
9671619,12.16
9671620,3.78
9671621,1.3
9671622,3.98
9671623,1.76
9671624,41.85
9671625,19.11
9671626,6.21
9671627,1.67
9671628,2.47
9671629,2.8
9671630,1.83
9671631,1.28
9671632,1.53
9671633,1.07
9671634,1.1
9671635,1.8
9671636,2.15
9671637,2.6
9671638,1.54
9671639,1.16
9671640,1.58
9671641,5.21
9671642,3.93
9671643,4.33
9671644,3.75
9671645,1.28
9671646,2.77
9671647,1.26
9671648,4.42
9671649,1.28
9671650,3.93
9671651,1.3
9671652,1.05
9671653,1.05
9671654,2.23
9671655,4.24
9671656,2.65
9671657,5.45
9671658,1.96
9671659,4.02
9671660,2.8
9671661,1.42
9671662,3.06
9671663,1.51
9671664,1.02
9671665,1.01
9671666,1.14
9671667,5.85
9671668,1.57
9671669,2.23
9671670,397.44
9671671,5.45
9671672,1.85
9671673,3.17
9671674,1.17
9671675,3.85
9671676,6.67
9671677,10.73
9671678,1.7
9671679,1.45
9671680,2.2
9671681,36.51
9671682,2.92
9671683,1.81
9671684,3.06
9671685,3.38
9671686,1.28
9671687,1.14
9671688,2.06
9671689,1.79
9671690,1.9
9671691,1.01
9671692,1.41
9671693,4.15
9671694,1.53
9671695,16.76
9671696,1.75
9671697,4.3
9671698,1.0
9671699,13.2
9671700,2.05
9671701,1.42
9671702,1.0
9671703,1.43
9671704,4.19
9671705,13.83
9671706,1.66
9671707,20.82
9671708,5.74
9671709,2.89
9671710,1.2
9671711,10.45
9671712,1.72
9671713,1.37
9671714,1.97
9671715,1.2
9671716,2.21
9671717,1.97
9671718,23.83
9671719,2.39
9671720,1.57
9671721,1.48
9671722,4.34
9671723,1.11
9671724,1.4
9671725,1.31
9671726,2.99
9671727,34.2
9671728,3.19
9671729,1.01
9671730,1.26
9671731,5.59
9671732,1.96
9671733,1.78
9671734,2.73
9671735,1.36
9671736,1.06
9671737,2.89
9671738,1.46
9671739,1.85
9671740,1.94
9671741,1.54
9671742,1.19
9671743,3.35
9671744,5.11
9671745,4.85
9671746,1.55
9671747,4.08
9671748,6.78
9671749,1.09
9671750,1.36
9671751,3.8
9671752,1.47
9671753,2.33
9671754,3.57
9671755,1.01
9671756,1.25
9671757,1.67
9671758,1.63
9671759,1.25
9671760,1.79
9671761,1.25
9671762,1.87
9671763,1.82
9671764,4.01
9671765,4.26
9671766,4.28
9671767,11.12
9671768,1.49
9671769,25.68
9671770,2.69
9671771,1.66
9671772,4.73
9671773,6.27
9671774,1.27
9671775,1.02
9671776,4.99
9671777,2.55
9671778,1.24
9671779,6.69
9671780,2.21
9671781,3.87
9671782,2.99
9671783,1.12
9671784,1.09
9671785,2.45
9671786,1.01
9671787,9.1
9671788,1.69
9671789,1.3
9671790,1.23
9671791,2.01
9671792,1.45
9671793,1.94
9671794,1.17
9671795,1.06
9671796,2.07
9671797,1.06
9671798,1.23
9671799,1.91
9671800,2.21
9671801,1.42
9671802,5.59
9671803,6.52
9671804,1.13
9671805,1.97
9671806,10.02
9671807,1.34
9671808,2.14
9671809,1.71
9671810,1.31
9671811,1.53
9671812,1.74
9671813,2.78
9671814,1.6
9671815,1.21
9671816,1.7
9671817,3.13
9671818,1.26
9671819,28.98
9671820,2.8
9671821,1.09
9671822,1.97
9671823,2.17
